1,2.0,2.0,0.025,0.125,0.005,0.005,0.015,0.015,0.025,0.025,0.125,2.0,2.0,0.999,0.999
2,2.0,1.0,0.645,0.025,0.685,0.955,0.015,0.075,0.495,0.155,0.075,1.0,1.0,0.803,0.815
3,2.0,2.0,0.195,0.325,0.185,0.925,0.825,0.295,0.555,0.115,0.425,2.0,1.0,0.373,0.971
4,1.0,2.0,0.695,0.225,0.465,0.045,0.365,0.425,0.305,0.235,0.725,1.0,2.0,0.311,0.339
5,1.0,1.0,0.665,0.425,0.605,0.545,0.675,0.055,0.075,0.285,0.525,1.0,2.0,0.303,0.641
6,2.0,1.0,0.095,0.025,0.955,0.045,0.875,0.425,0.315,0.435,0.875,1.0,1.0,0.857,0.141
7,2.0,1.0,0.095,0.025,0.955,0.045,0.875,0.125,0.315,0.005,0.875,1.0,1.0,0.857,0.141
8,1.0,1.0,0.155,0.075,0.895,0.735,0.125,0.045,0.975,0.935,0.525,2.0,2.0,0.277,0.451
9,2.0,2.0,0.005,0.325,0.185,0.925,0.825,0.295,0.355,0.115,0.425,1.0,2.0,0.373,0.971
10,2.0,2.0,0.355,0.075,0.585,0.785,0.285,0.955,0.505,0.755,0.525,1.0,2.0,0.963,0.845
11,2.0,2.0,0.015,0.075,0.495,0.785,0.585,0.465,0.385,0.315,0.075,2.0,2.0,0.809,0.845
12,1.0,1.0,0.505,0.775,0.855,0.065,0.645,0.815,0.615,0.855,0.725,2.0,2.0,0.309,0.533
13,2.0,2.0,0.005,0.325,0.185,0.925,0.825,0.295,0.355,0.115,0.425,1.0,1.0,0.373,0.971
14,2.0,2.0,0.435,0.325,0.265,0.645,0.305,0.275,0.265,0.885,0.275,2.0,1.0,0.043,0.707
15,2.0,1.0,0.005,0.375,0.955,0.045,0.875,0.405,0.315,0.435,0.875,1.0,2.0,0.687,0.141
16,2.0,1.0,0.445,0.125,0.905,0.235,0.465,0.885,0.135,0.225,0.975,2.0,1.0,0.985,0.929
17,2.0,1.0,0.445,0.425,0.905,0.235,0.465,0.465,0.135,0.225,0.975,2.0,1.0,0.679,0.929
18,1.0,1.0,0.055,0.625,0.955,0.485,0.575,0.385,0.745,0.805,0.475,1.0,2.0,0.565,0.679
19,2.0,1.0,0.445,0.125,0.905,0.235,0.665,0.885,0.135,0.225,0.675,1.0,1.0,0.779,0.537
20,1.0,1.0,0.115,0.375,0.725,0.695,0.475,0.095,0.285,0.385,0.025,2.0,2.0,0.507,0.409
21,2.0,2.0,0.005,0.325,0.185,0.925,0.825,0.595,0.355,0.115,0.425,2.0,2.0,0.697,0.971
22,2.0,1.0,0.135,0.775,0.305,0.645,0.015,0.415,0.185,0.485,0.925,1.0,2.0,0.067,0.609
23,1.0,1.0,0.115,0.675,0.775,0.375,0.545,0.085,0.565,0.305,0.125,2.0,2.0,0.075,0.075
24,2.0,1.0,0.925,0.675,0.785,0.925,0.335,0.355,0.975,0.665,0.325,2.0,1.0,0.497,0.865
25,2.0,2.0,0.025,0.475,0.185,0.845,0.825,0.595,0.355,0.115,0.425,1.0,2.0,0.657,0.897
26,1.0,1.0,0.755,0.025,0.445,0.395,0.585,0.035,0.495,0.395,0.375,1.0,1.0,0.781,0.477
27,1.0,1.0,0.005,0.075,0.195,0.735,0.125,0.045,0.315,0.935,0.075,2.0,2.0,0.059,0.295
28,1.0,2.0,0.055,0.825,0.445,0.275,0.425,0.495,0.505,0.325,0.825,1.0,2.0,0.993,0.403
29,1.0,1.0,0.315,0.775,0.325,0.105,0.215,0.235,0.285,0.595,0.075,1.0,2.0,0.475,0.245
30,2.0,2.0,0.005,0.075,0.185,0.835,0.825,0.475,0.355,0.265,0.025,2.0,2.0,0.237,0.967
31,1.0,2.0,0.225,0.925,0.545,0.155,0.765,0.145,0.475,0.975,0.525,2.0,1.0,0.137,0.149
32,1.0,1.0,0.005,0.075,0.195,0.735,0.125,0.045,0.315,0.935,0.175,2.0,2.0,0.059,0.295
33,1.0,2.0,0.195,0.475,0.795,0.455,0.155,0.155,0.645,0.265,0.675,2.0,1.0,0.025,0.235
34,1.0,1.0,0.005,0.075,0.195,0.735,0.325,0.045,0.315,0.935,0.075,2.0,2.0,0.059,0.407
35,1.0,2.0,0.135,0.775,0.225,0.265,0.455,0.295,0.905,0.755,0.175,2.0,1.0,0.781,0.349
36,1.0,1.0,0.005,0.075,0.195,0.735,0.125,0.045,0.315,0.935,0.075,2.0,2.0,0.029,0.295
37,2.0,2.0,0.785,0.875,0.275,0.485,0.165,0.925,0.305,0.725,0.675,2.0,2.0,0.195,0.093
38,1.0,1.0,0.045,0.075,0.195,0.735,0.125,0.045,0.315,0.935,0.075,2.0,2.0,0.059,0.295
39,1.0,1.0,0.615,0.575,0.935,0.275,0.405,0.175,0.685,0.165,0.125,2.0,2.0,0.077,0.325
40,1.0,1.0,0.005,0.075,0.325,0.735,0.125,0.125,0.315,0.935,0.075,2.0,2.0,0.059,0.471
41,1.0,2.0,0.995,0.125,0.075,0.815,0.855,0.845,0.765,0.495,0.075,1.0,1.0,0.303,0.959
42,1.0,1.0,0.005,0.075,0.195,0.915,0.325,0.085,0.315,0.935,0.075,2.0,1.0,0.059,0.317
43,1.0,2.0,0.475,0.775,0.745,0.965,0.775,0.365,0.575,0.565,0.775,2.0,1.0,0.573,0.065
44,2.0,1.0,0.445,0.025,0.805,0.395,0.585,0.035,0.495,0.395,0.025,1.0,1.0,0.151,0.477
45,2.0,1.0,0.645,0.575,0.505,0.245,0.145,0.275,0.025,0.855,0.275,2.0,1.0,0.183,0.409
46,1.0,1.0,0.165,0.275,0.195,0.905,0.125,0.045,0.265,0.935,0.125,2.0,1.0,0.059,0.341
47,2.0,2.0,0.245,0.775,0.695,0.595,0.035,0.885,0.965,0.925,0.625,1.0,1.0,0.693,0.193
48,1.0,1.0,0.005,0.075,0.195,0.735,0.245,0.045,0.315,0.935,0.075,2.0,2.0,0.059,0.295
49,2.0,2.0,0.965,0.925,0.815,0.805,0.465,0.995,0.855,0.105,0.275,1.0,2.0,0.905,0.511
50,2.0,1.0,0.445,0.125,0.905,0.455,0.175,0.885,0.135,0.225,0.975,2.0,1.0,0.985,0.993
51,1.0,1.0,0.685,0.225,0.995,0.555,0.295,0.455,0.455,0.815,0.825,1.0,2.0,0.925,0.763
52,2.0,2.0,0.245,0.775,0.695,0.775,0.035,0.885,0.965,0.925,0.625,1.0,1.0,0.693,0.193
53,2.0,2.0,0.405,0.325,0.605,0.935,0.495,0.185,0.695,0.875,0.975,2.0,1.0,0.491,0.897
54,2.0,2.0,0.975,0.425,0.775,0.805,0.895,0.245,0.145,0.265,0.725,2.0,1.0,0.597,0.667
55,1.0,2.0,0.005,0.075,0.195,0.625,0.005,0.095,0.315,0.925,0.025,2.0,2.0,0.059,0.295
56,1.0,1.0,0.315,0.325,0.545,0.005,0.675,0.485,0.895,0.165,0.175,2.0,2.0,0.753,0.171
57,2.0,1.0,0.445,0.425,0.905,0.235,0.235,0.465,0.135,0.225,0.975,2.0,2.0,0.679,0.857
58,1.0,1.0,0.055,0.075,0.125,0.065,0.485,0.505,0.305,0.875,0.925,2.0,1.0,0.005,0.071
59,1.0,1.0,0.475,0.125,0.835,0.695,0.475,0.255,0.025,0.385,0.025,2.0,2.0,0.507,0.435
60,1.0,2.0,0.375,0.475,0.065,0.765,0.395,0.695,0.345,0.875,0.925,1.0,2.0,0.105,0.685
61,2.0,2.0,0.005,0.075,0.195,0.925,0.145,0.045,0.315,0.935,0.075,2.0,2.0,0.059,0.295
62,1.0,1.0,0.045,0.475,0.685,0.325,0.115,0.085,0.665,0.815,0.625,1.0,2.0,0.769,0.419
63,2.0,2.0,0.085,0.325,0.185,0.925,0.825,0.595,0.265,0.115,0.425,1.0,2.0,0.407,0.971
64,2.0,2.0,0.475,0.225,0.525,0.765,0.945,0.695,0.565,0.395,0.175,2.0,1.0,0.339,0.173
65,1.0,1.0,0.005,0.075,0.065,0.735,0.075,0.095,0.315,0.935,0.075,2.0,2.0,0.115,0.295
66,1.0,1.0,0.885,0.175,0.995,0.375,0.485,0.055,0.995,0.465,0.225,1.0,1.0,0.289,0.621
67,2.0,2.0,0.475,0.325,0.225,0.765,0.945,0.695,0.565,0.395,0.175,2.0,1.0,0.589,0.173
68,2.0,1.0,0.095,0.375,0.565,0.035,0.505,0.075,0.015,0.665,0.775,1.0,1.0,0.879,0.151
69,2.0,1.0,0.445,0.125,0.905,0.435,0.675,0.885,0.135,0.085,0.975,2.0,1.0,0.839,0.897
70,2.0,1.0,0.285,0.475,0.645,0.315,0.325,0.185,0.235,0.355,0.925,1.0,2.0,0.747,0.805
71,1.0,2.0,0.675,0.475,0.375,0.225,0.465,0.105,0.265,0.665,0.925,2.0,1.0,0.281,0.783
72,2.0,2.0,0.595,0.325,0.225,0.765,0.945,0.695,0.565,0.165,0.175,2.0,1.0,0.589,0.173
73,2.0,2.0,0.425,0.975,0.465,0.705,0.745,0.355,0.125,0.385,0.275,2.0,1.0,0.345,0.659
74,1.0,2.0,0.675,0.475,0.375,0.225,0.775,0.465,0.265,0.295,0.925,2.0,1.0,0.281,0.783
75,2.0,2.0,0.255,0.075,0.755,0.675,0.875,0.015,0.325,0.055,0.725,1.0,1.0,0.323,0.021
76,1.0,2.0,0.675,0.475,0.375,0.225,0.465,0.145,0.265,0.665,0.925,2.0,1.0,0.281,0.783
77,1.0,2.0,0.465,0.275,0.945,0.575,0.345,0.345,0.495,0.105,0.725,1.0,2.0,0.555,0.737
78,2.0,2.0,0.095,0.375,0.565,0.035,0.855,0.075,0.015,0.665,0.775,2.0,1.0,0.801,0.151
79,1.0,1.0,0.005,0.525,0.485,0.635,0.795,0.665,0.395,0.295,0.975,1.0,2.0,0.707,0.389
80,1.0,2.0,0.675,0.525,0.955,0.225,0.515,0.105,0.415,0.665,0.925,2.0,1.0,0.281,0.783
81,1.0,1.0,0.765,0.525,0.665,0.365,0.985,0.755,0.035,0.405,0.375,1.0,1.0,0.547,0.155
82,2.0,2.0,0.005,0.325,0.185,0.605,0.615,0.295,0.235,0.095,0.425,1.0,2.0,0.131,0.971
83,1.0,1.0,0.395,0.425,0.575,0.925,0.825,0.255,0.945,0.065,0.325,2.0,2.0,0.521,0.243
84,1.0,1.0,0.675,0.475,0.375,0.225,0.775,0.105,0.265,0.665,0.925,2.0,1.0,0.655,0.783
85,2.0,1.0,0.465,0.175,0.155,0.505,0.515,0.655,0.005,0.105,0.775,2.0,1.0,0.015,0.019
86,1.0,2.0,0.095,0.375,0.565,0.035,0.505,0.075,0.015,0.665,0.775,1.0,1.0,0.879,0.151
87,1.0,2.0,0.425,0.875,0.315,0.385,0.565,0.415,0.835,0.945,0.975,1.0,2.0,0.079,0.119
88,2.0,1.0,0.675,0.475,0.375,0.225,0.775,0.105,0.265,0.255,0.925,2.0,1.0,0.655,0.783
89,2.0,1.0,0.685,0.625,0.165,0.715,0.835,0.305,0.645,0.695,0.675,1.0,2.0,0.169,0.347
90,1.0,1.0,0.675,0.425,0.255,0.075,0.775,0.105,0.265,0.665,0.925,2.0,1.0,0.655,0.783
91,1.0,2.0,0.735,0.425,0.505,0.115,0.885,0.125,0.575,0.365,0.525,2.0,2.0,0.209,0.503
92,2.0,1.0,0.675,0.625,0.375,0.225,0.775,0.105,0.015,0.455,0.925,2.0,1.0,0.655,0.783
93,1.0,2.0,0.175,0.575,0.315,0.035,0.925,0.225,0.715,0.165,0.525,2.0,1.0,0.963,0.005
94,2.0,2.0,0.475,0.325,0.065,0.725,0.945,0.695,0.985,0.395,0.125,2.0,1.0,0.553,0.173
95,1.0,2.0,0.625,0.525,0.195,0.285,0.765,0.255,0.925,0.155,0.375,1.0,1.0,0.641,0.019
96,1.0,1.0,0.675,0.475,0.375,0.225,0.775,0.105,0.265,0.435,0.925,2.0,1.0,0.815,0.783
97,2.0,1.0,0.935,0.325,0.975,0.655,0.805,0.975,0.365,0.825,0.825,1.0,1.0,0.827,0.703
98,1.0,1.0,0.395,0.275,0.735,0.925,0.825,0.255,0.945,0.065,0.325,2.0,2.0,0.521,0.345
99,1.0,1.0,0.055,0.275,0.135,0.975,0.105,0.305,0.505,0.925,0.725,2.0,2.0,0.985,0.493
100,1.0,2.0,0.475,0.325,0.225,0.635,0.985,0.695,0.325,0.395,0.175,2.0,1.0,0.829,0.173
101,2.0,2.0,0.475,0.125,0.765,0.985,0.565,0.755,0.205,0.275,0.675,2.0,2.0,0.169,0.215
102,2.0,1.0,0.675,0.475,0.375,0.225,0.495,0.125,0.265,0.495,0.925,1.0,1.0,0.655,0.783
103,1.0,1.0,0.365,0.625,0.865,0.525,0.135,0.465,0.325,0.565,0.075,1.0,2.0,0.137,0.449
104,1.0,1.0,0.685,0.475,0.375,0.075,0.945,0.105,0.265,0.665,0.925,2.0,1.0,0.655,0.783
105,2.0,2.0,0.775,0.725,0.275,0.155,0.805,0.265,0.035,0.175,0.125,1.0,2.0,0.381,0.005
106,2.0,1.0,0.675,0.425,0.255,0.455,0.545,0.105,0.265,0.575,0.925,1.0,1.0,0.705,0.589
107,2.0,2.0,0.255,0.525,0.305,0.855,0.805,0.745,0.425,0.505,0.675,1.0,2.0,0.493,0.063
108,2.0,2.0,0.095,0.525,0.305,0.915,0.805,0.745,0.425,0.505,0.675,1.0,2.0,0.493,0.063
109,1.0,1.0,0.625,0.025,0.395,0.045,0.545,0.895,0.805,0.965,0.725,1.0,1.0,0.491,0.841
110,1.0,1.0,0.765,0.525,0.665,0.365,0.985,0.905,0.035,0.405,0.375,1.0,2.0,0.279,0.209
111,2.0,1.0,0.905,0.875,0.655,0.735,0.845,0.815,0.385,0.145,0.175,1.0,2.0,0.211,0.669
112,1.0,1.0,0.685,0.475,0.375,0.145,0.945,0.105,0.265,0.665,0.925,2.0,1.0,0.655,0.783
113,1.0,2.0,0.875,0.475,0.775,0.455,0.945,0.515,0.045,0.405,0.425,2.0,1.0,0.415,0.483
114,1.0,2.0,0.295,0.525,0.195,0.285,0.765,0.255,0.925,0.055,0.375,2.0,1.0,0.641,0.019
115,2.0,1.0,0.595,0.825,0.875,0.675,0.915,0.625,0.395,0.725,0.175,1.0,1.0,0.569,0.617
116,1.0,2.0,0.595,0.425,0.575,0.875,0.825,0.255,0.945,0.065,0.075,1.0,2.0,0.521,0.053
117,1.0,2.0,0.345,0.375,0.255,0.555,0.145,0.265,0.065,0.885,0.825,1.0,2.0,0.311,0.749
118,2.0,1.0,0.685,0.475,0.375,0.075,0.945,0.105,0.265,0.665,0.925,1.0,1.0,0.655,0.783
119,2.0,2.0,0.875,0.875,0.325,0.925,0.595,0.835,0.395,0.345,0.125,2.0,2.0,0.167,0.783
120,1.0,1.0,0.675,0.475,0.375,0.225,0.765,0.105,0.265,0.665,0.925,2.0,1.0,0.447,0.783
121,1.0,2.0,0.515,0.075,0.295,0.775,0.905,0.305,0.175,0.865,0.325,2.0,1.0,0.789,0.607
122,1.0,1.0,0.765,0.525,0.665,0.365,0.985,0.755,0.035,0.065,0.375,1.0,1.0,0.547,0.155
123,2.0,2.0,0.725,0.475,0.955,0.845,0.165,0.285,0.085,0.865,0.475,1.0,2.0,0.371,0.189
124,1.0,2.0,0.835,0.525,0.255,0.165,0.765,0.255,0.925,0.155,0.375,1.0,1.0,0.641,0.019
125,1.0,1.0,0.375,0.225,0.105,0.995,0.225,0.165,0.725,0.305,0.875,2.0,2.0,0.873,0.217
126,2.0,2.0,0.475,0.525,0.345,0.765,0.985,0.785,0.565,0.395,0.175,1.0,1.0,0.467,0.093
127,1.0,2.0,0.935,0.775,0.865,0.665,0.075,0.605,0.745,0.445,0.775,1.0,2.0,0.015,0.823
128,2.0,1.0,0.265,0.475,0.375,0.225,0.775,0.105,0.265,0.705,0.925,2.0,1.0,0.655,0.783
129,1.0,2.0,0.875,0.325,0.825,0.795,0.825,0.095,0.545,0.805,0.775,2.0,1.0,0.707,0.663
130,2.0,2.0,0.045,0.425,0.975,0.085,0.015,0.455,0.745,0.865,0.425,2.0,2.0,0.255,0.367
131,2.0,2.0,0.255,0.525,0.305,0.655,0.675,0.745,0.425,0.505,0.675,2.0,2.0,0.493,0.063
132,1.0,2.0,0.405,0.075,0.475,0.275,0.545,0.295,0.455,0.085,0.175,2.0,1.0,0.207,0.929
133,1.0,2.0,0.625,0.525,0.195,0.285,0.765,0.255,0.925,0.155,0.375,1.0,2.0,0.397,0.019
134,1.0,2.0,0.755,0.125,0.435,0.865,0.975,0.975,0.455,0.095,0.625,2.0,2.0,0.365,0.873
135,1.0,2.0,0.675,0.475,0.375,0.025,0.775,0.465,0.265,0.295,0.925,2.0,2.0,0.281,0.783
136,1.0,1.0,0.635,0.325,0.795,0.805,0.735,0.755,0.985,0.985,0.925,2.0,2.0,0.927,0.873
137,1.0,2.0,0.675,0.475,0.255,0.255,0.775,0.105,0.265,0.875,0.925,2.0,1.0,0.655,0.783
138,1.0,1.0,0.565,0.625,0.675,0.025,0.565,0.915,0.235,0.805,0.825,2.0,2.0,0.507,0.857
139,2.0,2.0,0.265,0.475,0.375,0.225,0.775,0.115,0.265,0.705,0.975,2.0,1.0,0.407,0.783
140,2.0,2.0,0.705,0.175,0.715,0.725,0.765,0.575,0.065,0.645,0.125,2.0,2.0,0.069,0.413
141,2.0,2.0,0.255,0.525,0.245,0.855,0.805,0.745,0.355,0.505,0.825,1.0,2.0,0.493,0.063
142,2.0,1.0,0.325,0.725,0.005,0.525,0.925,0.235,0.595,0.475,0.625,1.0,1.0,0.985,0.415
143,2.0,2.0,0.255,0.525,0.245,0.855,0.805,0.745,0.375,0.505,0.975,1.0,2.0,0.493,0.125
144,1.0,2.0,0.275,0.325,0.975,0.045,0.555,0.585,0.355,0.425,0.025,2.0,2.0,0.205,0.407
145,2.0,1.0,0.345,0.225,0.715,0.765,0.945,0.695,0.565,0.395,0.175,2.0,1.0,0.339,0.133
146,2.0,2.0,0.305,0.975,0.965,0.275,0.875,0.255,0.945,0.245,0.325,1.0,1.0,0.873,0.341
147,1.0,2.0,0.505,0.725,0.575,0.625,0.915,0.035,0.805,0.645,0.625,1.0,2.0,0.047,0.807
148,2.0,2.0,0.345,0.525,0.285,0.895,0.805,0.745,0.355,0.505,0.725,1.0,2.0,0.493,0.311
149,1.0,2.0,0.715,0.575,0.665,0.485,0.195,0.525,0.295,0.005,0.325,2.0,1.0,0.379,0.229
150,1.0,2.0,0.265,0.475,0.535,0.225,0.775,0.115,0.345,0.485,0.925,2.0,1.0,0.655,0.513
151,2.0,1.0,0.595,0.925,0.805,0.385,0.025,0.615,0.235,0.465,0.475,2.0,1.0,0.297,0.505
152,2.0,2.0,0.695,0.125,0.475,0.895,0.565,0.755,0.205,0.275,0.675,1.0,2.0,0.053,0.215
153,2.0,1.0,0.575,0.625,0.135,0.015,0.455,0.085,0.995,0.075,0.825,1.0,2.0,0.703,0.855
154,1.0,1.0,0.395,0.425,0.575,0.925,0.825,0.255,0.945,0.065,0.325,2.0,2.0,0.851,0.321
155,2.0,2.0,0.355,0.225,0.945,0.775,0.435,0.345,0.435,0.405,0.125,1.0,1.0,0.407,0.729
156,1.0,1.0,0.435,0.425,0.575,0.995,0.825,0.255,0.905,0.065,0.175,2.0,2.0,0.805,0.331
157,1.0,2.0,0.765,0.025,0.275,0.415,0.965,0.705,0.605,0.215,0.475,2.0,1.0,0.349,0.877
158,1.0,1.0,0.395,0.425,0.505,0.925,0.825,0.255,0.945,0.145,0.325,2.0,2.0,0.851,0.321
159,2.0,1.0,0.045,0.925,0.725,0.805,0.675,0.225,0.375,0.565,0.925,1.0,1.0,0.851,0.357
160,1.0,1.0,0.395,0.425,0.575,0.995,0.825,0.255,0.945,0.065,0.325,2.0,1.0,0.837,0.321
161,2.0,1.0,0.555,0.025,0.845,0.215,0.315,0.475,0.695,0.925,0.675,1.0,2.0,0.095,0.949
162,1.0,2.0,0.975,0.725,0.075,0.175,0.835,0.755,0.315,0.555,0.475,2.0,2.0,0.089,0.747
163,1.0,1.0,0.395,0.625,0.575,0.695,0.825,0.155,0.945,0.065,0.325,2.0,2.0,0.521,0.243
164,2.0,1.0,0.755,0.225,0.195,0.095,0.815,0.505,0.845,0.425,0.525,2.0,1.0,0.949,0.151
165,1.0,1.0,0.395,0.425,0.575,0.995,0.825,0.255,0.945,0.065,0.325,2.0,1.0,0.837,0.305
166,2.0,2.0,0.155,0.825,0.405,0.205,0.395,0.815,0.465,0.085,0.825,1.0,1.0,0.719,0.573
167,2.0,1.0,0.095,0.375,0.565,0.035,0.505,0.075,0.015,0.665,0.775,1.0,1.0,0.819,0.151
168,2.0,2.0,0.275,0.925,0.215,0.005,0.485,0.815,0.355,0.795,0.475,2.0,1.0,0.207,0.755
169,1.0,2.0,0.375,0.475,0.375,0.225,0.165,0.105,0.465,0.665,0.925,2.0,1.0,0.589,0.783
170,2.0,1.0,0.395,0.325,0.225,0.815,0.575,0.975,0.835,0.265,0.125,1.0,2.0,0.159,0.415
171,2.0,1.0,0.095,0.375,0.565,0.325,0.505,0.075,0.015,0.665,0.925,1.0,1.0,0.879,0.151
172,2.0,1.0,0.445,0.025,0.055,0.475,0.645,0.645,0.665,0.265,0.275,1.0,1.0,0.279,0.729
173,2.0,2.0,0.255,0.475,0.195,0.855,0.805,0.745,0.225,0.505,0.825,1.0,1.0,0.549,0.063
174,2.0,1.0,0.145,0.775,0.615,0.295,0.305,0.755,0.145,0.005,0.425,1.0,1.0,0.411,0.879
175,1.0,1.0,0.675,0.475,0.265,0.275,0.465,0.105,0.265,0.665,0.925,2.0,1.0,0.281,0.649
176,2.0,1.0,0.635,0.275,0.035,0.525,0.595,0.425,0.775,0.285,0.225,1.0,1.0,0.525,0.145
177,2.0,2.0,0.635,0.275,0.035,0.395,0.595,0.425,0.775,0.285,0.225,1.0,1.0,0.525,0.015
178,1.0,1.0,0.415,0.175,0.275,0.045,0.085,0.255,0.075,0.705,0.975,2.0,1.0,0.127,0.047
179,1.0,2.0,0.405,0.475,0.535,0.225,0.775,0.115,0.445,0.485,0.925,2.0,1.0,0.655,0.773
180,1.0,1.0,0.225,0.975,0.365,0.965,0.895,0.485,0.795,0.635,0.125,2.0,2.0,0.673,0.631
181,2.0,2.0,0.445,0.575,0.625,0.175,0.185,0.725,0.745,0.495,0.925,1.0,2.0,0.613,0.665
182,1.0,2.0,0.005,0.075,0.195,0.735,0.125,0.045,0.315,0.935,0.075,2.0,2.0,0.157,0.295
183,2.0,1.0,0.635,0.275,0.035,0.525,0.595,0.425,0.775,0.285,0.225,1.0,1.0,0.335,0.145
184,2.0,2.0,0.325,0.825,0.305,0.605,0.465,0.435,0.445,0.165,0.675,1.0,2.0,0.099,0.501
185,1.0,2.0,0.975,0.725,0.075,0.175,0.835,0.755,0.145,0.555,0.475,2.0,2.0,0.089,0.669
186,2.0,2.0,0.735,0.325,0.915,0.065,0.295,0.565,0.545,0.245,0.875,1.0,1.0,0.563,0.177
187,2.0,1.0,0.165,0.275,0.575,0.925,0.825,0.255,0.975,0.065,0.325,2.0,2.0,0.521,0.243
188,1.0,2.0,0.115,0.925,0.385,0.775,0.775,0.815,0.585,0.435,0.375,2.0,1.0,0.105,0.401
189,1.0,1.0,0.265,0.325,0.375,0.105,0.775,0.105,0.265,0.705,0.925,2.0,1.0,0.655,0.603
190,1.0,2.0,0.795,0.625,0.075,0.835,0.805,0.205,0.575,0.145,0.575,1.0,1.0,0.695,0.837
191,1.0,1.0,0.395,0.425,0.575,0.925,0.825,0.465,0.695,0.065,0.125,2.0,2.0,0.851,0.129
192,2.0,1.0,0.855,0.725,0.325,0.525,0.125,0.295,0.225,0.325,0.475,1.0,1.0,0.905,0.227
193,2.0,2.0,0.645,0.575,0.465,0.175,0.185,0.725,0.745,0.625,0.925,1.0,2.0,0.613,0.665
194,2.0,2.0,0.025,0.075,0.855,0.795,0.075,0.045,0.845,0.255,0.375,1.0,1.0,0.049,0.461
195,1.0,2.0,0.395,0.475,0.535,0.225,0.775,0.105,0.345,0.485,0.875,1.0,1.0,0.765,0.513
196,1.0,1.0,0.225,0.625,0.385,0.015,0.135,0.075,0.695,0.105,0.925,1.0,2.0,0.311,0.959
197,2.0,2.0,0.475,0.325,0.235,0.765,0.945,0.695,0.565,0.395,0.175,2.0,1.0,0.589,0.173
198,2.0,1.0,0.805,0.525,0.405,0.675,0.455,0.755,0.975,0.655,0.225,2.0,1.0,0.595,0.739
199,2.0,2.0,0.475,0.525,0.225,0.765,0.945,0.815,0.565,0.605,0.175,2.0,1.0,0.675,0.173
200,1.0,2.0,0.345,0.225,0.525,0.335,0.755,0.045,0.835,0.585,0.525,1.0,1.0,0.385,0.815
201,1.0,2.0,0.425,0.575,0.795,0.425,0.945,0.785,0.945,0.445,0.225,1.0,1.0,0.831,0.045
202,2.0,2.0,0.625,0.525,0.195,0.285,0.765,0.255,0.925,0.155,0.375,1.0,1.0,0.641,0.019
203,1.0,2.0,0.675,0.325,0.255,0.995,0.845,0.295,0.075,0.525,0.525,2.0,1.0,0.289,0.189
204,1.0,1.0,0.005,0.125,0.195,0.735,0.125,0.045,0.275,0.715,0.075,2.0,2.0,0.157,0.295
205,2.0,2.0,0.995,0.875,0.755,0.125,0.535,0.195,0.855,0.495,0.375,2.0,1.0,0.337,0.855
206,1.0,2.0,0.175,0.125,0.515,0.855,0.105,0.475,0.125,0.565,0.725,1.0,1.0,0.735,0.473
207,2.0,2.0,0.475,0.425,0.235,0.765,0.945,0.695,0.715,0.395,0.175,2.0,1.0,0.589,0.173
208,2.0,2.0,0.625,0.925,0.195,0.475,0.805,0.415,0.235,0.945,0.725,2.0,1.0,0.157,0.475
209,2.0,2.0,0.475,0.425,0.235,0.765,0.945,0.695,0.805,0.395,0.175,2.0,1.0,0.589,0.173
210,1.0,2.0,0.855,0.575,0.085,0.925,0.475,0.785,0.865,0.195,0.125,2.0,1.0,0.743,0.313
211,2.0,2.0,0.475,0.325,0.155,0.765,0.945,0.695,0.505,0.335,0.175,2.0,1.0,0.589,0.173
212,2.0,2.0,0.475,0.875,0.915,0.115,0.205,0.705,0.375,0.155,0.475,2.0,1.0,0.415,0.385
213,1.0,2.0,0.515,0.025,0.305,0.935,0.515,0.295,0.465,0.485,0.575,1.0,2.0,0.897,0.879
214,2.0,2.0,0.535,0.775,0.555,0.355,0.345,0.095,0.685,0.335,0.725,2.0,1.0,0.163,0.627
215,2.0,1.0,0.335,0.925,0.985,0.745,0.115,0.025,0.125,0.945,0.325,2.0,1.0,0.937,0.657
216,2.0,2.0,0.475,0.375,0.235,0.765,0.945,0.695,0.565,0.395,0.175,2.0,1.0,0.589,0.173
217,1.0,2.0,0.685,0.875,0.815,0.995,0.245,0.705,0.055,0.555,0.125,2.0,1.0,0.851,0.507
218,2.0,1.0,0.635,0.275,0.035,0.045,0.435,0.565,0.715,0.285,0.225,1.0,1.0,0.525,0.205
219,2.0,2.0,0.975,0.725,0.075,0.175,0.835,0.755,0.595,0.555,0.475,2.0,2.0,0.089,0.747
220,1.0,1.0,0.245,0.325,0.405,0.005,0.985,0.675,0.695,0.745,0.125,2.0,1.0,0.019,0.127
221,1.0,2.0,0.975,0.725,0.075,0.175,0.835,0.755,0.315,0.555,0.475,2.0,1.0,0.089,0.747
222,1.0,1.0,0.405,0.475,0.605,0.525,0.455,0.265,0.815,0.895,0.175,2.0,1.0,0.299,0.047
223,1.0,1.0,0.245,0.475,0.695,0.905,0.245,0.375,0.965,0.955,0.775,2.0,2.0,0.125,0.121
224,1.0,2.0,0.475,0.375,0.265,0.865,0.945,0.695,0.565,0.395,0.175,2.0,1.0,0.813,0.173
225,2.0,2.0,0.475,0.375,0.235,0.765,0.945,0.695,0.715,0.395,0.175,2.0,1.0,0.589,0.281
226,1.0,1.0,0.555,0.275,0.675,0.885,0.145,0.275,0.715,0.975,0.125,2.0,1.0,0.661,0.555
227,2.0,2.0,0.475,0.375,0.235,0.765,0.805,0.695,0.715,0.365,0.175,2.0,1.0,0.589,0.203
228,2.0,2.0,0.425,0.575,0.045,0.265,0.825,0.675,0.525,0.815,0.625,2.0,2.0,0.557,0.871
229,2.0,2.0,0.475,0.375,0.245,0.845,0.945,0.695,0.705,0.425,0.175,2.0,1.0,0.589,0.173
230,2.0,1.0,0.905,0.525,0.905,0.325,0.805,0.225,0.215,0.235,0.025,1.0,1.0,0.293,0.251
231,2.0,2.0,0.475,0.425,0.235,0.765,0.945,0.695,0.715,0.395,0.175,1.0,1.0,0.589,0.281
232,1.0,2.0,0.805,0.775,0.935,0.825,0.775,0.695,0.185,0.275,0.225,2.0,2.0,0.527,0.219
233,1.0,1.0,0.245,0.475,0.695,0.905,0.245,0.375,0.965,0.955,0.775,2.0,1.0,0.125,0.121
234,1.0,1.0,0.975,0.425,0.705,0.475,0.425,0.445,0.585,0.045,0.875,1.0,2.0,0.809,0.957
235,1.0,2.0,0.475,0.375,0.235,0.765,0.945,0.695,0.565,0.395,0.025,2.0,1.0,0.589,0.315
236,2.0,1.0,0.275,0.625,0.015,0.895,0.965,0.905,0.975,0.725,0.775,1.0,2.0,0.827,0.239
237,1.0,2.0,0.615,0.125,0.635,0.135,0.985,0.725,0.885,0.345,0.875,1.0,2.0,0.721,0.989
238,2.0,2.0,0.475,0.375,0.235,0.765,0.895,0.695,0.735,0.395,0.175,2.0,1.0,0.589,0.173
239,1.0,1.0,0.845,0.225,0.465,0.025,0.645,0.685,0.315,0.005,0.825,2.0,1.0,0.915,0.421
240,1.0,1.0,0.245,0.475,0.695,0.905,0.245,0.375,0.965,0.955,0.775,2.0,1.0,0.209,0.121
241,1.0,1.0,0.155,0.875,0.125,0.555,0.515,0.165,0.775,0.895,0.675,1.0,2.0,0.073,0.481
242,2.0,2.0,0.475,0.375,0.235,0.765,0.945,0.695,0.565,0.395,0.175,2.0,1.0,0.597,0.173
243,1.0,2.0,0.035,0.475,0.595,0.325,0.625,0.625,0.515,0.355,0.375,2.0,2.0,0.427,0.361
244,2.0,2.0,0.485,0.475,0.245,0.765,0.945,0.695,0.565,0.395,0.175,2.0,1.0,0.589,0.173
245,1.0,1.0,0.055,0.225,0.585,0.395,0.115,0.095,0.675,0.375,0.025,2.0,2.0,0.063,0.457
246,2.0,2.0,0.475,0.325,0.235,0.585,0.945,0.695,0.565,0.395,0.175,2.0,1.0,0.589,0.187
247,2.0,2.0,0.845,0.425,0.655,0.625,0.395,0.065,0.315,0.585,0.225,1.0,2.0,0.435,0.749
248,1.0,1.0,0.335,0.925,0.985,0.745,0.115,0.025,0.125,0.945,0.325,2.0,1.0,0.937,0.657
249,1.0,1.0,0.265,0.625,0.575,0.325,0.875,0.345,0.195,0.725,0.075,2.0,2.0,0.147,0.605
250,1.0,1.0,0.625,0.475,0.595,0.995,0.245,0.765,0.965,0.955,0.775,2.0,2.0,0.125,0.121
251,1.0,1.0,0.315,0.075,0.775,0.145,0.055,0.475,0.525,0.625,0.975,1.0,1.0,0.247,0.951
252,2.0,2.0,0.475,0.525,0.235,0.765,0.945,0.695,0.625,0.395,0.175,2.0,1.0,0.549,0.173
253,1.0,1.0,0.005,0.675,0.725,0.725,0.265,0.015,0.575,0.885,0.075,2.0,2.0,0.779,0.251
254,1.0,1.0,0.315,0.075,0.775,0.245,0.055,0.475,0.525,0.625,0.975,1.0,1.0,0.247,0.951
255,2.0,2.0,0.165,0.025,0.885,0.495,0.135,0.335,0.465,0.035,0.875,2.0,2.0,0.151,0.133
256,1.0,1.0,0.245,0.475,0.865,0.865,0.245,0.795,0.965,0.955,0.775,2.0,2.0,0.125,0.121
257,1.0,2.0,0.955,0.075,0.315,0.655,0.005,0.285,0.255,0.675,0.375,1.0,1.0,0.609,0.727
258,1.0,1.0,0.155,0.625,0.395,0.145,0.915,0.575,0.845,0.185,0.475,2.0,2.0,0.813,0.745
259,1.0,1.0,0.245,0.475,0.845,0.905,0.245,0.535,0.635,0.955,0.775,2.0,1.0,0.125,0.135
260,1.0,2.0,0.755,0.275,0.055,0.755,0.595,0.085,0.085,0.645,0.875,1.0,1.0,0.187,0.919
261,2.0,1.0,0.335,0.925,0.985,0.745,0.365,0.025,0.125,0.945,0.325,2.0,1.0,0.937,0.657
262,2.0,1.0,0.685,0.925,0.345,0.625,0.225,0.805,0.195,0.785,0.275,2.0,1.0,0.597,0.165
263,2.0,2.0,0.465,0.925,0.985,0.605,0.115,0.025,0.125,0.945,0.325,2.0,1.0,0.937,0.447
264,2.0,1.0,0.585,0.475,0.565,0.865,0.615,0.305,0.345,0.575,0.225,2.0,2.0,0.333,0.815
265,2.0,1.0,0.515,0.925,0.985,0.745,0.115,0.025,0.125,0.945,0.325,2.0,1.0,0.937,0.433
266,2.0,1.0,0.335,0.825,0.565,0.735,0.565,0.435,0.875,0.675,0.575,1.0,1.0,0.437,0.263
267,2.0,1.0,0.885,0.625,0.045,0.575,0.265,0.185,0.275,0.335,0.275,2.0,2.0,0.729,0.337
268,2.0,2.0,0.675,0.425,0.035,0.745,0.595,0.425,0.775,0.285,0.225,1.0,1.0,0.525,0.145
269,1.0,2.0,0.985,0.975,0.975,0.025,0.405,0.275,0.185,0.855,0.625,2.0,1.0,0.589,0.301
270,2.0,1.0,0.735,0.325,0.915,0.065,0.295,0.565,0.545,0.245,0.875,1.0,1.0,0.563,0.177
271,2.0,1.0,0.615,0.025,0.505,0.925,0.235,0.195,0.045,0.675,0.075,2.0,2.0,0.167,0.063
272,2.0,1.0,0.735,0.325,0.915,0.035,0.395,0.565,0.545,0.245,0.875,1.0,1.0,0.563,0.177
273,1.0,1.0,0.465,0.175,0.675,0.775,0.755,0.305,0.485,0.945,0.475,1.0,2.0,0.311,0.459
274,2.0,1.0,0.315,0.075,0.775,0.145,0.055,0.175,0.525,0.625,0.975,1.0,1.0,0.247,0.951
275,2.0,1.0,0.385,0.425,0.395,0.005,0.925,0.705,0.645,0.035,0.475,2.0,2.0,0.403,0.037
276,2.0,2.0,0.515,0.925,0.985,0.745,0.115,0.025,0.125,0.945,0.325,2.0,1.0,0.843,0.433
277,1.0,1.0,0.645,0.825,0.015,0.305,0.625,0.575,0.595,0.415,0.675,2.0,2.0,0.405,0.559
278,2.0,1.0,0.465,0.925,0.985,0.605,0.115,0.025,0.555,0.945,0.325,2.0,1.0,0.937,0.713
279,1.0,1.0,0.545,0.425,0.745,0.625,0.175,0.745,0.135,0.045,0.775,2.0,2.0,0.787,0.783
280,2.0,2.0,0.485,0.225,0.125,0.275,0.475,0.865,0.155,0.545,0.575,2.0,1.0,0.061,0.253
281,2.0,2.0,0.175,0.925,0.985,0.695,0.115,0.025,0.125,0.945,0.325,2.0,1.0,0.937,0.447
282,1.0,2.0,0.095,0.925,0.515,0.725,0.375,0.915,0.165,0.195,0.975,2.0,1.0,0.011,0.693
283,1.0,1.0,0.155,0.325,0.315,0.345,0.625,0.025,0.725,0.165,0.825,1.0,2.0,0.921,0.471
284,2.0,2.0,0.475,0.325,0.225,0.765,0.945,0.695,0.565,0.395,0.175,2.0,1.0,0.589,0.191
285,2.0,1.0,0.035,0.575,0.545,0.255,0.835,0.085,0.015,0.335,0.475,2.0,2.0,0.895,0.967
286,1.0,1.0,0.495,0.675,0.925,0.135,0.595,0.255,0.965,0.715,0.125,1.0,1.0,0.807,0.303
287,1.0,1.0,0.315,0.075,0.775,0.145,0.055,0.175,0.525,0.625,0.975,1.0,1.0,0.443,0.951
288,1.0,1.0,0.455,0.025,0.545,0.625,0.825,0.615,0.315,0.975,0.375,1.0,1.0,0.571,0.041
289,2.0,2.0,0.475,0.375,0.235,0.765,0.825,0.695,0.565,0.395,0.175,2.0,1.0,0.589,0.179
290,1.0,2.0,0.845,0.475,0.475,0.775,0.145,0.485,0.375,0.705,0.075,2.0,1.0,0.941,0.493
291,2.0,2.0,0.475,0.375,0.235,0.765,0.805,0.695,0.565,0.395,0.175,2.0,1.0,0.589,0.173
292,2.0,2.0,0.475,0.375,0.235,0.765,0.855,0.695,0.565,0.395,0.175,2.0,1.0,0.589,0.179
293,1.0,2.0,0.545,0.225,0.165,0.755,0.575,0.935,0.855,0.605,0.975,1.0,2.0,0.445,0.137
294,2.0,1.0,0.315,0.075,0.775,0.145,0.055,0.645,0.525,0.625,0.975,1.0,1.0,0.247,0.951
295,2.0,1.0,0.475,0.775,0.445,0.835,0.355,0.925,0.085,0.165,0.375,2.0,2.0,0.339,0.101
296,2.0,1.0,0.475,0.375,0.235,0.855,0.805,0.145,0.565,0.395,0.175,2.0,1.0,0.589,0.179
297,2.0,2.0,0.495,0.825,0.855,0.995,0.115,0.155,0.095,0.415,0.075,1.0,2.0,0.145,0.089
298,2.0,2.0,0.475,0.375,0.235,0.765,0.795,0.695,0.715,0.375,0.175,2.0,1.0,0.589,0.179
299,2.0,1.0,0.185,0.525,0.675,0.845,0.355,0.515,0.595,0.985,0.825,1.0,2.0,0.341,0.999
300,2.0,2.0,0.475,0.375,0.145,0.765,0.945,0.695,0.565,0.395,0.175,2.0,1.0,0.589,0.173
301,2.0,1.0,0.325,0.075,0.595,0.245,0.295,0.185,0.215,0.455,0.275,1.0,1.0,0.039,0.935
302,2.0,1.0,0.885,0.775,0.045,0.575,0.265,0.185,0.275,0.335,0.275,2.0,2.0,0.729,0.337
303,1.0,2.0,0.185,0.975,0.785,0.015,0.915,0.425,0.595,0.945,0.625,1.0,2.0,0.875,0.399
304,2.0,1.0,0.485,0.925,0.985,0.745,0.115,0.025,0.125,0.945,0.325,2.0,1.0,0.937,0.433
305,1.0,2.0,0.885,0.525,0.345,0.365,0.545,0.615,0.325,0.755,0.225,2.0,2.0,0.067,0.601
306,2.0,1.0,0.855,0.775,0.015,0.435,0.325,0.585,0.125,0.645,0.075,2.0,1.0,0.707,0.307
307,1.0,2.0,0.995,0.875,0.755,0.125,0.535,0.195,0.855,0.495,0.575,2.0,1.0,0.337,0.855
308,1.0,1.0,0.455,0.325,0.135,0.095,0.635,0.285,0.795,0.285,0.775,1.0,2.0,0.339,0.809
309,2.0,2.0,0.475,0.325,0.235,0.845,0.805,0.695,0.565,0.395,0.175,2.0,1.0,0.589,0.267
310,1.0,1.0,0.345,0.925,0.375,0.405,0.855,0.165,0.925,0.665,0.225,2.0,2.0,0.049,0.203
311,2.0,1.0,0.915,0.775,0.015,0.435,0.325,0.035,0.125,0.645,0.075,2.0,1.0,0.707,0.307
312,1.0,1.0,0.295,0.725,0.015,0.065,0.885,0.025,0.515,0.085,0.325,1.0,2.0,0.183,0.535
313,1.0,2.0,0.955,0.675,0.805,0.295,0.325,0.485,0.895,0.845,0.025,2.0,2.0,0.071,0.629
314,2.0,1.0,0.995,0.175,0.935,0.545,0.875,0.575,0.695,0.105,0.525,1.0,2.0,0.605,0.195
315,2.0,2.0,0.475,0.325,0.325,0.805,0.945,0.695,0.565,0.395,0.175,2.0,1.0,0.589,0.173
316,2.0,2.0,0.705,0.325,0.095,0.525,0.495,0.985,0.885,0.705,0.625,1.0,2.0,0.975,0.399
317,1.0,2.0,0.475,0.325,0.235,0.765,0.945,0.695,0.565,0.395,0.175,2.0,1.0,0.589,0.173
318,2.0,1.0,0.035,0.025,0.115,0.515,0.015,0.455,0.235,0.255,0.725,1.0,2.0,0.933,0.115
319,2.0,1.0,0.315,0.075,0.775,0.145,0.055,0.475,0.705,0.625,0.975,1.0,1.0,0.161,0.903
320,2.0,2.0,0.465,0.325,0.835,0.835,0.085,0.175,0.345,0.185,0.425,2.0,1.0,0.323,0.305
321,2.0,2.0,0.475,0.425,0.235,0.765,0.945,0.695,0.565,0.395,0.175,2.0,1.0,0.589,0.173
322,1.0,2.0,0.695,0.275,0.855,0.675,0.105,0.265,0.855,0.325,0.825,1.0,1.0,0.991,0.873
323,2.0,2.0,0.475,0.325,0.235,0.765,0.905,0.695,0.565,0.395,0.175,2.0,1.0,0.589,0.195
324,2.0,1.0,0.125,0.975,0.465,0.065,0.145,0.155,0.665,0.455,0.375,1.0,2.0,0.207,0.037
325,2.0,2.0,0.475,0.375,0.235,0.765,0.945,0.535,0.385,0.395,0.175,2.0,1.0,0.589,0.173
326,2.0,1.0,0.185,0.875,0.635,0.665,0.215,0.595,0.175,0.725,0.875,1.0,1.0,0.087,0.577
327,2.0,1.0,0.565,0.525,0.055,0.445,0.175,0.265,0.225,0.745,0.975,2.0,1.0,0.003,0.759
328,2.0,2.0,0.335,0.825,0.565,0.735,0.565,0.435,0.875,0.675,0.575,1.0,1.0,0.437,0.263
329,1.0,1.0,0.035,0.525,0.315,0.415,0.145,0.475,0.665,0.935,0.075,2.0,1.0,0.115,0.353
330,2.0,2.0,0.475,0.325,0.235,0.765,0.945,0.695,0.595,0.395,0.175,2.0,1.0,0.589,0.173
331,2.0,1.0,0.975,0.075,0.845,0.675,0.665,0.525,0.085,0.825,0.475,2.0,2.0,0.783,0.819
332,2.0,1.0,0.315,0.075,0.775,0.145,0.055,0.175,0.525,0.625,0.825,1.0,1.0,0.247,0.951
333,1.0,2.0,0.735,0.975,0.815,0.685,0.025,0.465,0.465,0.475,0.975,1.0,2.0,0.323,0.641
334,2.0,2.0,0.475,0.325,0.225,0.765,0.945,0.775,0.565,0.395,0.175,2.0,1.0,0.589,0.173
335,1.0,2.0,0.595,0.225,0.575,0.595,0.925,0.505,0.365,0.185,0.725,2.0,1.0,0.031,0.583
336,1.0,1.0,0.145,0.875,0.275,0.665,0.615,0.915,0.185,0.065,0.275,1.0,1.0,0.635,0.245
337,2.0,2.0,0.475,0.375,0.235,0.765,0.865,0.695,0.565,0.385,0.175,2.0,1.0,0.589,0.179
338,1.0,1.0,0.735,0.025,0.825,0.065,0.305,0.755,0.605,0.135,0.425,1.0,1.0,0.613,0.383
339,1.0,1.0,0.945,0.025,0.025,0.105,0.455,0.345,0.615,0.275,0.725,2.0,1.0,0.807,0.773
340,1.0,1.0,0.175,0.925,0.205,0.405,0.155,0.045,0.035,0.125,0.875,1.0,1.0,0.549,0.969
341,1.0,1.0,0.035,0.525,0.315,0.415,0.145,0.475,0.665,0.625,0.075,2.0,1.0,0.115,0.305
342,1.0,1.0,0.565,0.975,0.105,0.065,0.525,0.335,0.195,0.535,0.425,1.0,1.0,0.545,0.055
343,1.0,1.0,0.955,0.975,0.835,0.045,0.485,0.965,0.205,0.625,0.725,1.0,1.0,0.277,0.153
344,2.0,1.0,0.755,0.525,0.905,0.325,0.805,0.145,0.215,0.235,0.025,1.0,1.0,0.293,0.251
345,2.0,2.0,0.545,0.775,0.975,0.095,0.905,0.755,0.585,0.675,0.775,1.0,2.0,0.347,0.919
346,2.0,2.0,0.535,0.675,0.725,0.515,0.615,0.135,0.475,0.655,0.125,1.0,1.0,0.303,0.715
347,2.0,2.0,0.475,0.375,0.235,0.765,0.825,0.695,0.565,0.395,0.175,2.0,1.0,0.589,0.131
348,2.0,1.0,0.485,0.675,0.335,0.805,0.655,0.345,0.545,0.105,0.225,1.0,1.0,0.695,0.791
349,1.0,2.0,0.595,0.225,0.575,0.555,0.925,0.505,0.365,0.185,0.725,2.0,1.0,0.031,0.583
350,2.0,1.0,0.135,0.375,0.235,0.265,0.505,0.275,0.175,0.285,0.625,2.0,1.0,0.005,0.647
351,2.0,1.0,0.525,0.875,0.215,0.935,0.355,0.815,0.085,0.165,0.675,2.0,2.0,0.527,0.161
352,1.0,2.0,0.175,0.625,0.975,0.855,0.785,0.895,0.685,0.495,0.725,1.0,2.0,0.799,0.917
353,2.0,2.0,0.735,0.325,0.915,0.065,0.175,0.565,0.475,0.145,0.875,1.0,1.0,0.563,0.177
354,2.0,1.0,0.175,0.525,0.485,0.015,0.035,0.825,0.865,0.885,0.575,2.0,2.0,0.653,0.193
355,2.0,1.0,0.475,0.375,0.215,0.855,0.805,0.145,0.565,0.425,0.525,2.0,1.0,0.469,0.179
356,1.0,2.0,0.755,0.575,0.245,0.035,0.105,0.465,0.355,0.355,0.175,2.0,2.0,0.053,0.635
357,2.0,1.0,0.525,0.875,0.215,0.935,0.355,0.815,0.085,0.165,0.675,1.0,2.0,0.527,0.161
358,2.0,2.0,0.635,0.375,0.705,0.785,0.775,0.635,0.395,0.695,0.175,1.0,1.0,0.693,0.167
359,2.0,1.0,0.905,0.525,0.905,0.325,0.805,0.225,0.215,0.235,0.025,1.0,2.0,0.293,0.251
360,1.0,2.0,0.445,0.825,0.355,0.375,0.865,0.765,0.695,0.025,0.525,1.0,2.0,0.297,0.889
361,2.0,1.0,0.885,0.375,0.905,0.325,0.805,0.225,0.215,0.235,0.125,2.0,1.0,0.293,0.119
362,1.0,2.0,0.965,0.375,0.405,0.155,0.915,0.985,0.125,0.665,0.575,1.0,2.0,0.769,0.071
363,2.0,2.0,0.535,0.325,0.615,0.545,0.915,0.835,0.945,0.305,0.975,1.0,2.0,0.141,0.415
364,2.0,1.0,0.525,0.875,0.215,0.935,0.355,0.815,0.085,0.165,0.675,1.0,2.0,0.783,0.161
365,2.0,2.0,0.665,0.075,0.455,0.695,0.545,0.445,0.105,0.525,0.025,2.0,2.0,0.175,0.783
366,2.0,1.0,0.495,0.975,0.215,0.935,0.215,0.815,0.085,0.165,0.675,1.0,2.0,0.783,0.005
367,1.0,1.0,0.685,0.875,0.075,0.255,0.545,0.445,0.745,0.205,0.775,2.0,1.0,0.473,0.591
368,2.0,1.0,0.885,0.625,0.045,0.575,0.265,0.225,0.185,0.335,0.275,2.0,1.0,0.729,0.337
369,1.0,1.0,0.095,0.775,0.365,0.615,0.985,0.155,0.855,0.415,0.525,2.0,1.0,0.209,0.755
370,2.0,1.0,0.525,0.875,0.125,0.935,0.305,0.815,0.085,0.165,0.675,1.0,2.0,0.611,0.161
371,2.0,2.0,0.585,0.925,0.875,0.475,0.475,0.135,0.065,0.535,0.175,1.0,2.0,0.939,0.141
372,2.0,1.0,0.495,0.975,0.065,0.935,0.215,0.815,0.065,0.165,0.675,1.0,2.0,0.861,0.171
373,1.0,2.0,0.735,0.225,0.145,0.975,0.675,0.355,0.135,0.555,0.475,2.0,2.0,0.599,0.469
374,2.0,1.0,0.525,0.875,0.125,0.995,0.305,0.815,0.085,0.165,0.675,1.0,2.0,0.611,0.161
375,1.0,2.0,0.855,0.925,0.755,0.415,0.185,0.695,0.565,0.945,0.825,2.0,2.0,0.431,0.239
376,2.0,1.0,0.525,0.875,0.215,0.935,0.355,0.815,0.085,0.165,0.675,1.0,1.0,0.755,0.161
377,1.0,2.0,0.565,0.875,0.615,0.785,0.945,0.385,0.165,0.375,0.575,1.0,1.0,0.319,0.615
378,2.0,1.0,0.845,0.875,0.185,0.935,0.355,0.815,0.085,0.165,0.675,1.0,2.0,0.527,0.035
379,1.0,1.0,0.775,0.175,0.305,0.745,0.815,0.075,0.895,0.215,0.625,1.0,1.0,0.393,0.965
380,2.0,2.0,0.835,0.375,0.495,0.185,0.645,0.325,0.945,0.935,0.125,1.0,1.0,0.685,0.261
381,1.0,1.0,0.435,0.225,0.215,0.155,0.035,0.055,0.075,0.575,0.375,2.0,1.0,0.651,0.007
382,2.0,2.0,0.925,0.275,0.075,0.925,0.665,0.175,0.735,0.975,0.675,1.0,2.0,0.805,0.829
383,2.0,1.0,0.875,0.525,0.905,0.325,0.805,0.225,0.215,0.235,0.025,1.0,1.0,0.293,0.251
384,1.0,2.0,0.165,0.575,0.885,0.705,0.855,0.695,0.465,0.785,0.175,1.0,2.0,0.343,0.193
385,2.0,1.0,0.495,0.975,0.215,0.885,0.215,0.815,0.085,0.165,0.675,1.0,2.0,0.739,0.005
386,1.0,1.0,0.995,0.375,0.445,0.285,0.375,0.985,0.945,0.565,0.275,1.0,2.0,0.261,0.745
387,2.0,1.0,0.905,0.275,0.905,0.325,0.845,0.225,0.215,0.235,0.025,1.0,1.0,0.293,0.251
388,1.0,2.0,0.485,0.925,0.715,0.655,0.905,0.675,0.215,0.095,0.425,1.0,1.0,0.203,0.609
389,2.0,1.0,0.885,0.825,0.045,0.475,0.265,0.405,0.085,0.335,0.325,2.0,2.0,0.861,0.337
390,1.0,1.0,0.235,0.975,0.235,0.675,0.185,0.225,0.205,0.605,0.775,2.0,1.0,0.041,0.155
391,2.0,1.0,0.525,0.875,0.475,0.935,0.275,0.825,0.085,0.165,0.675,2.0,2.0,0.527,0.161
392,2.0,1.0,0.295,0.575,0.955,0.125,0.015,0.735,0.885,0.555,0.575,2.0,2.0,0.781,0.589
393,2.0,1.0,0.555,0.925,0.985,0.745,0.115,0.025,0.125,0.945,0.325,2.0,1.0,0.937,0.433
394,1.0,1.0,0.925,0.575,0.315,0.405,0.825,0.175,0.075,0.335,0.075,2.0,2.0,0.555,0.541
395,2.0,1.0,0.525,0.925,0.645,0.935,0.315,0.825,0.085,0.165,0.675,2.0,2.0,0.527,0.161
396,2.0,2.0,0.685,0.425,0.055,0.585,0.955,0.415,0.255,0.475,0.275,2.0,2.0,0.603,0.411
397,2.0,1.0,0.445,0.625,0.655,0.575,0.575,0.225,0.685,0.205,0.625,2.0,2.0,0.727,0.579
398,1.0,2.0,0.475,0.375,0.265,0.865,0.945,0.695,0.565,0.395,0.075,2.0,1.0,0.813,0.173
399,1.0,1.0,0.065,0.625,0.195,0.575,0.995,0.465,0.985,0.855,0.025,2.0,1.0,0.893,0.053
400,1.0,2.0,0.235,0.975,0.235,0.675,0.185,0.115,0.325,0.605,0.775,2.0,1.0,0.041,0.155
401,1.0,1.0,0.155,0.175,0.185,0.985,0.345,0.915,0.625,0.755,0.325,2.0,2.0,0.295,0.993
402,2.0,1.0,0.525,0.875,0.375,0.935,0.145,0.815,0.085,0.165,0.675,2.0,2.0,0.527,0.161
403,2.0,1.0,0.425,0.675,0.215,0.975,0.375,0.045,0.605,0.295,0.775,1.0,1.0,0.821,0.249
404,1.0,2.0,0.465,0.825,0.905,0.225,0.155,0.765,0.035,0.325,0.075,1.0,1.0,0.311,0.243
405,2.0,1.0,0.525,0.925,0.195,0.935,0.305,0.815,0.085,0.165,0.675,2.0,2.0,0.527,0.161
406,2.0,1.0,0.155,0.475,0.515,0.025,0.955,0.635,0.835,0.605,0.975,2.0,1.0,0.803,0.495
407,2.0,1.0,0.445,0.625,0.655,0.575,0.575,0.225,0.625,0.205,0.625,2.0,1.0,0.727,0.819
408,1.0,2.0,0.065,0.825,0.615,0.295,0.315,0.335,0.025,0.245,0.875,2.0,2.0,0.563,0.093
409,1.0,1.0,0.995,0.125,0.155,0.925,0.175,0.975,0.575,0.345,0.325,2.0,1.0,0.281,0.601
410,2.0,1.0,0.525,0.875,0.425,0.935,0.285,0.815,0.085,0.165,0.675,2.0,2.0,0.667,0.161
411,2.0,1.0,0.535,0.125,0.565,0.925,0.525,0.245,0.355,0.645,0.775,2.0,2.0,0.665,0.425
412,1.0,1.0,0.775,0.175,0.305,0.745,0.815,0.075,0.895,0.065,0.625,1.0,1.0,0.393,0.965
413,1.0,1.0,0.865,0.525,0.705,0.135,0.385,0.585,0.525,0.355,0.925,1.0,2.0,0.173,0.277
414,1.0,1.0,0.775,0.175,0.155,0.745,0.815,0.075,0.895,0.215,0.475,1.0,1.0,0.393,0.965
415,1.0,2.0,0.145,0.375,0.265,0.705,0.795,0.035,0.525,0.415,0.725,1.0,1.0,0.659,0.831
416,2.0,1.0,0.855,0.775,0.015,0.495,0.305,0.605,0.115,0.645,0.075,2.0,1.0,0.707,0.307
417,2.0,1.0,0.425,0.275,0.765,0.595,0.585,0.125,0.855,0.315,0.925,1.0,1.0,0.027,0.529
418,2.0,1.0,0.925,0.425,0.905,0.325,0.805,0.225,0.055,0.235,0.025,1.0,1.0,0.573,0.251
419,2.0,1.0,0.295,0.225,0.815,0.065,0.665,0.605,0.905,0.045,0.175,2.0,1.0,0.235,0.607
420,1.0,1.0,0.775,0.175,0.305,0.745,0.815,0.075,0.895,0.215,0.625,1.0,1.0,0.369,0.965
421,1.0,2.0,0.435,0.825,0.955,0.715,0.405,0.115,0.155,0.015,0.425,2.0,1.0,0.447,0.993
422,2.0,1.0,0.525,0.875,0.805,0.935,0.285,0.655,0.085,0.165,0.675,2.0,2.0,0.667,0.161
423,1.0,2.0,0.535,0.475,0.655,0.535,0.025,0.155,0.705,0.815,0.975,2.0,2.0,0.003,0.369
424,2.0,1.0,0.365,0.625,0.655,0.575,0.575,0.225,0.685,0.205,0.325,2.0,2.0,0.549,0.579
425,1.0,2.0,0.865,0.375,0.005,0.405,0.815,0.515,0.445,0.275,0.425,1.0,1.0,0.917,0.683
426,1.0,1.0,0.525,0.875,0.425,0.935,0.285,0.435,0.085,0.165,0.575,2.0,2.0,0.667,0.161
427,1.0,1.0,0.745,0.125,0.435,0.175,0.615,0.765,0.035,0.905,0.825,2.0,1.0,0.561,0.705
428,2.0,1.0,0.525,0.875,0.805,0.935,0.285,0.655,0.085,0.165,0.675,2.0,2.0,0.691,0.161
429,1.0,1.0,0.985,0.975,0.835,0.715,0.125,0.325,0.145,0.735,0.725,2.0,2.0,0.721,0.455
430,2.0,1.0,0.525,0.875,0.455,0.935,0.145,0.815,0.085,0.795,0.675,2.0,2.0,0.527,0.161
431,1.0,1.0,0.575,0.125,0.785,0.105,0.355,0.645,0.955,0.425,0.725,2.0,2.0,0.167,0.787
432,2.0,1.0,0.885,0.625,0.045,0.575,0.265,0.225,0.185,0.335,0.275,1.0,1.0,0.729,0.337
433,2.0,1.0,0.215,0.325,0.555,0.905,0.315,0.335,0.615,0.545,0.825,2.0,2.0,0.617,0.705
434,1.0,2.0,0.575,0.275,0.785,0.105,0.355,0.645,0.955,0.425,0.725,2.0,2.0,0.167,0.787
435,2.0,1.0,0.765,0.575,0.565,0.285,0.545,0.745,0.315,0.225,0.775,1.0,2.0,0.457,0.769
436,2.0,1.0,0.525,0.725,0.215,0.935,0.275,0.815,0.085,0.165,0.675,2.0,2.0,0.625,0.533
437,2.0,1.0,0.525,0.875,0.415,0.935,0.275,0.815,0.085,0.165,0.675,2.0,2.0,0.579,0.161
438,1.0,2.0,0.515,0.125,0.345,0.975,0.065,0.315,0.175,0.935,0.675,2.0,1.0,0.107,0.685
439,2.0,2.0,0.405,0.175,0.375,0.295,0.825,0.275,0.775,0.975,0.475,1.0,1.0,0.151,0.105
440,1.0,1.0,0.575,0.225,0.785,0.105,0.355,0.535,0.955,0.425,0.725,2.0,2.0,0.167,0.787
441,1.0,2.0,0.925,0.625,0.635,0.555,0.165,0.495,0.865,0.625,0.575,2.0,2.0,0.273,0.049
442,2.0,1.0,0.525,0.725,0.215,0.935,0.365,0.835,0.085,0.065,0.675,2.0,2.0,0.625,0.533
443,1.0,2.0,0.015,0.225,0.525,0.415,0.395,0.935,0.195,0.135,0.775,1.0,1.0,0.121,0.805
444,1.0,1.0,0.525,0.875,0.475,0.935,0.275,0.825,0.085,0.165,0.675,2.0,2.0,0.527,0.161
445,2.0,1.0,0.235,0.325,0.165,0.645,0.135,0.705,0.735,0.595,0.625,1.0,2.0,0.113,0.167
446,1.0,2.0,0.265,0.475,0.535,0.225,0.775,0.315,0.465,0.485,0.925,2.0,1.0,0.655,0.513
447,2.0,1.0,0.195,0.225,0.305,0.215,0.135,0.775,0.105,0.845,0.675,2.0,1.0,0.873,0.947
448,2.0,2.0,0.535,0.675,0.725,0.515,0.615,0.135,0.475,0.655,0.125,2.0,1.0,0.651,0.715
449,1.0,2.0,0.715,0.675,0.505,0.295,0.665,0.885,0.195,0.895,0.575,1.0,1.0,0.021,0.535
450,2.0,1.0,0.445,0.625,0.655,0.865,0.575,0.225,0.655,0.205,0.625,2.0,2.0,0.727,0.579
451,2.0,2.0,0.305,0.425,0.235,0.885,0.805,0.755,0.405,0.515,0.225,1.0,1.0,0.841,0.989
452,2.0,1.0,0.525,0.475,0.425,0.725,0.285,0.825,0.085,0.165,0.775,2.0,2.0,0.667,0.161
453,1.0,2.0,0.185,0.175,0.845,0.805,0.095,0.875,0.115,0.295,0.275,1.0,1.0,0.509,0.873
454,2.0,1.0,0.525,0.875,0.425,0.715,0.285,0.815,0.085,0.165,0.675,2.0,2.0,0.667,0.161
455,1.0,2.0,0.085,0.275,0.005,0.355,0.605,0.245,0.605,0.265,0.325,2.0,1.0,0.193,0.957
456,2.0,2.0,0.575,0.175,0.785,0.105,0.105,0.645,0.955,0.425,0.725,2.0,2.0,0.133,0.787
457,2.0,2.0,0.915,0.275,0.055,0.055,0.805,0.085,0.315,0.955,0.975,1.0,2.0,0.677,0.873
458,2.0,1.0,0.505,0.275,0.055,0.735,0.825,0.725,0.245,0.195,0.025,1.0,1.0,0.649,0.667
459,1.0,2.0,0.335,0.675,0.495,0.235,0.335,0.705,0.795,0.145,0.475,2.0,1.0,0.019,0.163
460,2.0,2.0,0.675,0.775,0.355,0.395,0.555,0.735,0.555,0.115,0.025,1.0,2.0,0.453,0.325
461,2.0,1.0,0.525,0.725,0.115,0.935,0.365,0.835,0.085,0.065,0.675,2.0,2.0,0.625,0.533
462,1.0,2.0,0.415,0.675,0.745,0.095,0.645,0.645,0.635,0.695,0.875,2.0,2.0,0.095,0.127
463,2.0,1.0,0.525,0.725,0.215,0.765,0.275,0.815,0.085,0.165,0.675,2.0,2.0,0.625,0.533
464,2.0,1.0,0.265,0.075,0.575,0.545,0.525,0.115,0.135,0.305,0.425,2.0,2.0,0.131,0.941
465,2.0,1.0,0.525,0.725,0.185,0.935,0.365,0.835,0.085,0.065,0.675,2.0,2.0,0.625,0.533
466,2.0,1.0,0.595,0.175,0.605,0.815,0.965,0.595,0.915,0.975,0.525,1.0,2.0,0.823,0.793
467,2.0,1.0,0.525,0.625,0.395,0.935,0.275,0.795,0.085,0.165,0.675,2.0,2.0,0.625,0.533
468,1.0,2.0,0.875,0.925,0.095,0.615,0.715,0.235,0.365,0.145,0.375,2.0,2.0,0.725,0.421
469,1.0,1.0,0.705,0.725,0.635,0.855,0.695,0.025,0.665,0.625,0.725,1.0,1.0,0.233,0.137
470,1.0,1.0,0.575,0.075,0.785,0.105,0.355,0.645,0.955,0.425,0.725,2.0,2.0,0.191,0.787
471,1.0,2.0,0.235,0.075,0.545,0.905,0.815,0.045,0.135,0.225,0.175,2.0,2.0,0.649,0.561
472,1.0,1.0,0.985,0.725,0.005,0.575,0.795,0.515,0.345,0.595,0.175,2.0,1.0,0.207,0.931
473,2.0,1.0,0.525,0.825,0.275,0.935,0.315,0.815,0.085,0.115,0.825,2.0,2.0,0.527,0.573
474,1.0,2.0,0.645,0.725,0.255,0.245,0.655,0.685,0.825,0.685,0.275,2.0,2.0,0.763,0.037
475,1.0,2.0,0.395,0.825,0.895,0.225,0.155,0.765,0.035,0.325,0.075,2.0,1.0,0.311,0.243
476,1.0,1.0,0.155,0.775,0.075,0.665,0.035,0.215,0.745,0.005,0.725,2.0,1.0,0.021,0.553
477,1.0,1.0,0.575,0.125,0.785,0.105,0.325,0.645,0.975,0.275,0.725,2.0,1.0,0.167,0.787
478,2.0,1.0,0.315,0.875,0.945,0.315,0.745,0.555,0.855,0.695,0.175,1.0,2.0,0.889,0.959
479,1.0,1.0,0.575,0.125,0.785,0.105,0.325,0.645,0.975,0.275,0.725,2.0,1.0,0.167,0.739
480,1.0,2.0,0.765,0.675,0.555,0.425,0.925,0.435,0.465,0.695,0.675,1.0,2.0,0.587,0.489
481,2.0,1.0,0.525,0.675,0.155,0.935,0.355,0.815,0.085,0.165,0.675,2.0,2.0,0.527,0.161
482,1.0,2.0,0.385,0.275,0.175,0.085,0.125,0.145,0.805,0.535,0.675,2.0,2.0,0.923,0.121
483,2.0,1.0,0.525,0.825,0.485,0.935,0.305,0.635,0.035,0.165,0.875,2.0,2.0,0.527,0.161
484,1.0,1.0,0.695,0.175,0.725,0.675,0.995,0.405,0.255,0.785,0.225,2.0,1.0,0.581,0.535
485,2.0,1.0,0.525,0.475,0.425,0.725,0.285,0.815,0.375,0.085,0.775,2.0,2.0,0.667,0.259
486,2.0,2.0,0.655,0.075,0.955,0.795,0.545,0.835,0.665,0.525,0.875,1.0,2.0,0.683,0.311
487,1.0,2.0,0.735,0.225,0.085,0.975,0.675,0.355,0.135,0.555,0.475,2.0,2.0,0.599,0.469
488,1.0,1.0,0.935,0.825,0.625,0.775,0.025,0.385,0.705,0.865,0.925,1.0,1.0,0.515,0.663
489,2.0,1.0,0.885,0.375,0.905,0.325,0.805,0.425,0.215,0.235,0.125,2.0,2.0,0.293,0.119
490,1.0,1.0,0.705,0.325,0.295,0.505,0.185,0.205,0.205,0.925,0.925,1.0,1.0,0.441,0.787
491,1.0,1.0,0.575,0.125,0.785,0.105,0.355,0.685,0.955,0.415,0.725,1.0,2.0,0.167,0.787
492,1.0,1.0,0.395,0.475,0.955,0.035,0.385,0.005,0.315,0.965,0.525,2.0,1.0,0.801,0.659
493,1.0,1.0,0.225,0.125,0.785,0.105,0.355,0.685,0.955,0.415,0.925,1.0,1.0,0.167,0.787
494,1.0,1.0,0.965,0.675,0.915,0.985,0.515,0.355,0.535,0.645,0.475,2.0,1.0,0.049,0.823
495,2.0,1.0,0.175,0.925,0.985,0.695,0.035,0.025,0.125,0.945,0.325,2.0,1.0,0.937,0.447
496,1.0,2.0,0.555,0.825,0.015,0.585,0.055,0.555,0.195,0.165,0.375,1.0,2.0,0.291,0.963
497,2.0,2.0,0.125,0.825,0.095,0.035,0.215,0.405,0.225,0.185,0.475,2.0,2.0,0.551,0.239
498,2.0,2.0,0.475,0.375,0.235,0.705,0.825,0.695,0.565,0.395,0.175,2.0,1.0,0.589,0.179
499,1.0,2.0,0.835,0.525,0.395,0.565,0.815,0.685,0.295,0.285,0.225,2.0,1.0,0.313,0.829
500,2.0,1.0,0.525,0.725,0.215,0.935,0.315,0.815,0.085,0.035,0.925,2.0,2.0,0.625,0.533
501,1.0,2.0,0.855,0.875,0.615,0.925,0.605,0.435,0.735,0.775,0.025,2.0,2.0,0.691,0.537
502,2.0,2.0,0.535,0.675,0.725,0.515,0.615,0.135,0.395,0.655,0.375,1.0,1.0,0.303,0.715
503,2.0,1.0,0.975,0.775,0.045,0.135,0.235,0.435,0.095,0.675,0.625,1.0,1.0,0.661,0.869
504,2.0,1.0,0.885,0.625,0.005,0.225,0.265,0.225,0.185,0.335,0.275,2.0,1.0,0.635,0.337
505,1.0,2.0,0.465,0.825,0.905,0.225,0.155,0.765,0.035,0.325,0.075,1.0,2.0,0.119,0.329
506,2.0,2.0,0.445,0.625,0.825,0.475,0.785,0.765,0.895,0.365,0.675,1.0,1.0,0.617,0.949
507,1.0,1.0,0.805,0.825,0.625,0.775,0.025,0.385,0.705,0.865,0.925,1.0,1.0,0.515,0.663
508,1.0,1.0,0.255,0.175,0.175,0.265,0.225,0.625,0.795,0.445,0.225,1.0,2.0,0.105,0.997
509,1.0,2.0,0.855,0.925,0.755,0.415,0.185,0.695,0.345,0.945,0.825,2.0,2.0,0.431,0.239
510,1.0,1.0,0.065,0.525,0.895,0.805,0.495,0.495,0.535,0.145,0.025,2.0,2.0,0.001,0.291
511,2.0,1.0,0.525,0.825,0.275,0.935,0.315,0.815,0.085,0.115,0.625,2.0,2.0,0.535,0.573
512,2.0,1.0,0.205,0.525,0.865,0.765,0.825,0.465,0.805,0.935,0.475,1.0,1.0,0.629,0.469
513,2.0,1.0,0.525,0.825,0.335,0.975,0.315,0.815,0.085,0.115,0.625,2.0,1.0,0.045,0.573
514,1.0,1.0,0.725,0.075,0.035,0.355,0.335,0.725,0.285,0.115,0.325,1.0,2.0,0.973,0.463
515,2.0,2.0,0.975,0.225,0.235,0.825,0.005,0.165,0.325,0.975,0.425,1.0,2.0,0.487,0.691
516,1.0,2.0,0.685,0.875,0.815,0.995,0.245,0.705,0.105,0.555,0.125,2.0,1.0,0.851,0.507
517,1.0,2.0,0.515,0.125,0.905,0.235,0.955,0.785,0.615,0.695,0.075,1.0,1.0,0.241,0.471
518,2.0,1.0,0.955,0.525,0.955,0.985,0.595,0.815,0.995,0.955,0.275,1.0,2.0,0.795,0.919
519,2.0,1.0,0.525,0.825,0.275,0.935,0.315,0.825,0.085,0.315,0.625,2.0,2.0,0.449,0.573
520,2.0,2.0,0.915,0.525,0.725,0.815,0.105,0.925,0.605,0.225,0.075,1.0,2.0,0.363,0.687
521,2.0,2.0,0.535,0.675,0.725,0.515,0.615,0.135,0.475,0.655,0.075,1.0,1.0,0.303,0.715
522,1.0,1.0,0.145,0.975,0.185,0.215,0.575,0.865,0.785,0.285,0.725,2.0,2.0,0.581,0.489
523,1.0,2.0,0.515,0.125,0.905,0.235,0.955,0.785,0.655,0.695,0.075,1.0,1.0,0.241,0.275
524,1.0,1.0,0.685,0.075,0.305,0.035,0.485,0.995,0.455,0.165,0.575,2.0,2.0,0.147,0.641
525,1.0,2.0,0.515,0.125,0.905,0.235,0.955,0.785,0.655,0.695,0.075,1.0,1.0,0.241,0.451
526,1.0,1.0,0.035,0.025,0.285,0.215,0.645,0.485,0.245,0.895,0.675,2.0,2.0,0.159,0.397
527,1.0,1.0,0.035,0.625,0.395,0.865,0.855,0.935,0.235,0.475,0.025,2.0,1.0,0.553,0.843
528,2.0,1.0,0.525,0.875,0.215,0.935,0.355,0.745,0.085,0.145,0.675,2.0,2.0,0.527,0.161
529,2.0,2.0,0.485,0.175,0.005,0.715,0.175,0.115,0.635,0.525,0.275,1.0,2.0,0.165,0.709
530,2.0,1.0,0.525,0.725,0.215,0.935,0.365,0.835,0.085,0.085,0.675,2.0,2.0,0.625,0.533
531,2.0,2.0,0.645,0.875,0.825,0.645,0.625,0.465,0.925,0.545,0.675,1.0,1.0,0.595,0.761
532,1.0,2.0,0.425,0.975,0.315,0.115,0.175,0.025,0.295,0.905,0.875,2.0,2.0,0.175,0.153
533,1.0,2.0,0.515,0.125,0.905,0.085,0.955,0.785,0.615,0.695,0.075,1.0,1.0,0.241,0.471
534,1.0,1.0,0.745,0.525,0.735,0.425,0.235,0.645,0.985,0.485,0.975,1.0,2.0,0.667,0.549
535,2.0,1.0,0.525,0.725,0.115,0.935,0.355,0.815,0.085,0.115,0.775,2.0,2.0,0.535,0.573
536,1.0,1.0,0.685,0.175,0.335,0.235,0.405,0.615,0.855,0.125,0.125,1.0,1.0,0.013,0.043
537,1.0,2.0,0.945,0.925,0.755,0.415,0.185,0.345,0.565,0.945,0.925,2.0,2.0,0.239,0.239
538,2.0,2.0,0.435,0.775,0.265,0.605,0.095,0.735,0.925,0.615,0.075,2.0,2.0,0.231,0.771
539,2.0,1.0,0.525,0.775,0.215,0.935,0.365,0.835,0.085,0.065,0.675,2.0,2.0,0.625,0.573
540,2.0,1.0,0.075,0.675,0.815,0.255,0.075,0.975,0.725,0.445,0.475,2.0,1.0,0.803,0.909
541,1.0,1.0,0.425,0.975,0.315,0.115,0.175,0.025,0.295,0.905,0.875,2.0,2.0,0.175,0.153
542,2.0,1.0,0.105,0.375,0.915,0.885,0.995,0.925,0.405,0.855,0.775,1.0,2.0,0.657,0.581
543,1.0,2.0,0.535,0.575,0.655,0.535,0.025,0.155,0.705,0.935,0.975,2.0,2.0,0.147,0.369
544,1.0,1.0,0.905,0.625,0.065,0.525,0.525,0.925,0.005,0.165,0.625,2.0,2.0,0.543,0.767
545,2.0,1.0,0.525,0.725,0.115,0.935,0.345,0.815,0.085,0.115,0.775,2.0,2.0,0.535,0.507
546,1.0,1.0,0.385,0.775,0.245,0.665,0.265,0.965,0.235,0.805,0.875,2.0,2.0,0.949,0.959
547,1.0,1.0,0.115,0.125,0.685,0.905,0.735,0.575,0.685,0.955,0.325,2.0,2.0,0.577,0.625
548,2.0,1.0,0.235,0.725,0.115,0.935,0.345,0.815,0.085,0.115,0.875,2.0,2.0,0.393,0.605
549,1.0,1.0,0.285,0.325,0.135,0.965,0.265,0.365,0.695,0.915,0.625,2.0,1.0,0.025,0.095
550,1.0,1.0,0.295,0.725,0.055,0.065,0.885,0.025,0.515,0.085,0.325,1.0,2.0,0.183,0.687
551,2.0,2.0,0.085,0.475,0.105,0.535,0.625,0.715,0.125,0.395,0.375,1.0,2.0,0.909,0.615
552,2.0,1.0,0.525,0.725,0.375,0.935,0.145,0.815,0.035,0.165,0.675,2.0,1.0,0.535,0.161
553,2.0,1.0,0.935,0.125,0.145,0.625,0.155,0.365,0.205,0.795,0.425,2.0,2.0,0.723,0.333
554,2.0,1.0,0.525,0.925,0.115,0.935,0.455,0.825,0.085,0.115,0.775,2.0,2.0,0.535,0.593
555,2.0,2.0,0.855,0.825,0.465,0.955,0.595,0.455,0.505,0.985,0.125,1.0,1.0,0.809,0.657
556,1.0,2.0,0.565,0.325,0.525,0.995,0.845,0.495,0.075,0.525,0.425,1.0,1.0,0.289,0.189
557,2.0,2.0,0.225,0.275,0.265,0.615,0.355,0.125,0.225,0.525,0.425,2.0,2.0,0.383,0.095
558,1.0,2.0,0.425,0.975,0.315,0.225,0.175,0.025,0.295,0.905,0.875,2.0,2.0,0.175,0.153
559,2.0,1.0,0.235,0.925,0.405,0.615,0.155,0.115,0.265,0.515,0.525,1.0,1.0,0.217,0.273
560,2.0,1.0,0.225,0.775,0.215,0.935,0.275,0.815,0.085,0.165,0.775,2.0,2.0,0.625,0.533
561,2.0,1.0,0.185,0.925,0.705,0.815,0.765,0.255,0.885,0.375,0.925,2.0,2.0,0.041,0.313
562,1.0,1.0,0.515,0.325,0.135,0.965,0.265,0.365,0.695,0.915,0.625,2.0,1.0,0.025,0.095
563,1.0,2.0,0.805,0.125,0.425,0.215,0.335,0.235,0.255,0.985,0.525,2.0,2.0,0.169,0.863
564,2.0,1.0,0.525,0.775,0.335,0.935,0.335,0.815,0.085,0.115,0.625,2.0,2.0,0.535,0.573
565,1.0,1.0,0.475,0.175,0.425,0.095,0.985,0.695,0.455,0.075,0.925,1.0,2.0,0.357,0.967
566,2.0,2.0,0.475,0.875,0.995,0.845,0.545,0.445,0.135,0.915,0.175,1.0,1.0,0.993,0.915
567,1.0,1.0,0.575,0.125,0.785,0.105,0.325,0.645,0.975,0.275,0.925,2.0,1.0,0.167,0.787
568,1.0,1.0,0.325,0.625,0.085,0.045,0.655,0.405,0.755,0.845,0.275,2.0,2.0,0.785,0.477
569,1.0,2.0,0.495,0.475,0.775,0.495,0.635,0.925,0.375,0.435,0.925,2.0,1.0,0.607,0.277
570,2.0,2.0,0.525,0.825,0.275,0.935,0.285,0.815,0.085,0.115,0.525,2.0,2.0,0.527,0.573
571,1.0,2.0,0.775,0.325,0.555,0.815,0.875,0.055,0.375,0.325,0.825,1.0,1.0,0.641,0.541
572,1.0,2.0,0.825,0.675,0.325,0.155,0.615,0.175,0.565,0.345,0.925,2.0,1.0,0.335,0.319
573,2.0,1.0,0.525,0.725,0.215,0.935,0.685,0.835,0.085,0.165,0.675,2.0,2.0,0.625,0.533
574,1.0,2.0,0.585,0.325,0.915,0.965,0.465,0.525,0.295,0.815,0.625,2.0,1.0,0.877,0.931
575,2.0,1.0,0.715,0.925,0.535,0.215,0.085,0.665,0.915,0.915,0.575,2.0,2.0,0.829,0.159
576,2.0,1.0,0.885,0.375,0.045,0.575,0.265,0.225,0.185,0.335,0.275,2.0,1.0,0.729,0.337
577,1.0,1.0,0.695,0.575,0.655,0.135,0.185,0.325,0.625,0.075,0.175,2.0,1.0,0.701,0.335
578,1.0,2.0,0.695,0.575,0.895,0.965,0.495,0.125,0.935,0.945,0.675,2.0,1.0,0.699,0.621
579,2.0,2.0,0.335,0.975,0.055,0.485,0.865,0.905,0.875,0.025,0.725,2.0,1.0,0.965,0.275
580,2.0,1.0,0.525,0.875,0.195,0.935,0.295,0.815,0.085,0.125,0.675,2.0,2.0,0.527,0.541
581,1.0,2.0,0.075,0.325,0.185,0.005,0.795,0.775,0.125,0.145,0.525,2.0,1.0,0.115,0.337
582,1.0,2.0,0.865,0.275,0.855,0.675,0.485,0.265,0.855,0.325,0.825,1.0,1.0,0.991,0.873
583,1.0,1.0,0.455,0.425,0.525,0.235,0.535,0.595,0.635,0.805,0.025,1.0,1.0,0.467,0.241
584,1.0,2.0,0.825,0.675,0.475,0.155,0.335,0.175,0.565,0.345,0.925,2.0,1.0,0.335,0.319
585,2.0,1.0,0.895,0.675,0.055,0.015,0.225,0.865,0.305,0.565,0.925,2.0,2.0,0.999,0.457
586,2.0,1.0,0.885,0.625,0.045,0.575,0.265,0.185,0.135,0.335,0.275,2.0,2.0,0.729,0.201
587,1.0,1.0,0.455,0.475,0.135,0.155,0.065,0.055,0.075,0.575,0.375,2.0,1.0,0.857,0.007
588,1.0,1.0,0.605,0.875,0.115,0.085,0.345,0.545,0.885,0.795,0.475,1.0,1.0,0.075,0.921
589,1.0,2.0,0.405,0.225,0.145,0.975,0.505,0.245,0.135,0.555,0.475,2.0,2.0,0.599,0.469
590,1.0,1.0,0.125,0.375,0.625,0.375,0.275,0.955,0.485,0.405,0.475,2.0,2.0,0.299,0.429
591,1.0,1.0,0.575,0.125,0.865,0.105,0.595,0.695,0.975,0.335,0.725,2.0,1.0,0.135,0.787
592,2.0,2.0,0.785,0.425,0.045,0.925,0.075,0.055,0.865,0.375,0.425,2.0,2.0,0.641,0.717
593,2.0,1.0,0.525,0.725,0.115,0.935,0.355,0.815,0.085,0.115,0.775,1.0,2.0,0.535,0.573
594,1.0,1.0,0.075,0.325,0.075,0.775,0.415,0.695,0.225,0.625,0.175,1.0,1.0,0.761,0.751
595,1.0,1.0,0.575,0.625,0.135,0.015,0.455,0.085,0.995,0.075,0.875,1.0,2.0,0.703,0.855
596,1.0,1.0,0.845,0.925,0.455,0.515,0.905,0.715,0.225,0.655,0.625,1.0,1.0,0.143,0.475
597,2.0,2.0,0.475,0.875,0.995,0.845,0.545,0.445,0.295,0.915,0.175,1.0,1.0,0.993,0.915
598,2.0,1.0,0.605,0.475,0.175,0.015,0.835,0.005,0.635,0.825,0.275,2.0,2.0,0.357,0.199
599,2.0,2.0,0.695,0.375,0.135,0.745,0.695,0.395,0.305,0.745,0.725,2.0,2.0,0.993,0.507
600,2.0,1.0,0.465,0.725,0.215,0.935,0.275,0.825,0.035,0.065,0.775,2.0,2.0,0.831,0.533
601,2.0,1.0,0.385,0.725,0.385,0.245,0.075,0.605,0.465,0.695,0.525,1.0,1.0,0.417,0.747
602,1.0,1.0,0.115,0.125,0.685,0.905,0.735,0.575,0.685,0.955,0.475,2.0,2.0,0.577,0.625
603,1.0,2.0,0.075,0.675,0.445,0.385,0.275,0.995,0.095,0.155,0.325,2.0,2.0,0.733,0.123
604,1.0,1.0,0.455,0.675,0.525,0.235,0.535,0.595,0.635,0.805,0.075,1.0,1.0,0.467,0.241
605,1.0,1.0,0.095,0.575,0.475,0.815,0.585,0.655,0.085,0.125,0.525,2.0,1.0,0.901,0.997
606,1.0,1.0,0.455,0.675,0.525,0.235,0.535,0.595,0.635,0.805,0.025,1.0,1.0,0.467,0.241
607,1.0,1.0,0.785,0.625,0.325,0.485,0.265,0.745,0.045,0.945,0.325,2.0,2.0,0.285,0.447
608,1.0,2.0,0.355,0.125,0.905,0.235,0.955,0.785,0.615,0.695,0.075,1.0,1.0,0.241,0.471
609,1.0,1.0,0.885,0.375,0.235,0.945,0.995,0.475,0.455,0.085,0.425,2.0,1.0,0.815,0.243
