Run Number,Run History Configuration ID,Instance ID,Response Value (y),Censored?,Cutoff Time Used,Seed,Runtime,Run Length,Run Result Code,Run Quality,SMAC Iteration,SMAC Cumulative Runtime,Run Result,Additional Algorithm Run Data,Wall Clock Time,
1,1,12,0.2,0,300.0,-1,0.2,0.0,1,0.0,0,0.2,SAT,,2.041,
2,1,14,300.0,0,300.0,-1,0.0,0.0,0,0.0,1,0.2,TIMEOUT,,303.245,
3,2,14,300.0,0,300.0,-1,0.0,0.0,0,0.0,1,0.2,TIMEOUT,,303.247,
4,2,12,0.16,0,1.2639006677746774,-1,0.16,0.0,1,0.0,1,0.36,SAT,,2.04,
5,2,10,0.19,0,300.0,-1,0.19,0.0,1,0.0,1,0.55,SAT,,2.017,
6,3,14,300.0,0,300.0,-1,0.0,0.0,0,0.0,1,0.55,TIMEOUT,,303.251,
7,3,12,0.63,0,1.4602006491005421,-1,0.63,0.0,1,0.0,1,1.1800000000000002,SAT,,2.019,
8,2,19,0.69,0,300.0,-1,0.69,0.0,1,0.0,2,1.87,SAT,,2.037,
9,4,19,0.66,0,1.8996002416789532,-1,0.66,0.0,1,0.0,2,2.5300000000000002,SAT,,2.044,
10,4,14,300.0,0,300.0,-1,0.0,0.0,0,0.0,2,2.5300000000000002,TIMEOUT,,303.242,
11,4,12,0.15,0,1.2522000338613988,-1,0.15,0.0,1,0.0,2,2.68,SAT,,2.014,
12,4,10,0.23,0,1.3055005002498627,-1,0.23,0.0,1,0.0,2,2.91,SAT,,2.018,
13,2,16,229.56,0,300.0,-1,229.56,0.0,1,0.0,2,232.47,SAT,,230.191,
14,5,10,0.18,0,1.2496001351356507,-1,0.18,0.0,1,0.0,2,232.65,SAT,,2.038,
15,5,14,300.0,0,300.0,-1,0.0,0.0,0,0.0,2,232.65,TIMEOUT,,303.234,
16,5,16,231.97,0,299.4462005313218,-1,231.97,0.0,1,0.0,2,464.62,SAT,,232.196,
17,2,18,300.0,0,300.0,-1,0.0,0.0,0,0.0,3,464.62,TIMEOUT,,303.29,
18,6,18,300.0,0,300.0,-1,0.0,0.0,0,0.0,3,464.62,TIMEOUT,,303.282,
19,6,12,0.2,0,2.1102000292122365,-1,0.2,0.0,1,0.0,3,464.82,SAT,,2.043,
20,6,19,0.62,0,1.8502007130265237,-1,0.62,0.0,1,0.0,3,465.44,SAT,,2.04,
21,6,16,230.91,0,300.0,-1,230.91,0.0,1,0.0,3,696.35,SAT,,232.201,
22,6,14,300.0,0,300.0,-1,0.0,0.0,0,0.0,3,696.35,TIMEOUT,,303.252,
23,2,21,1.78,0,300.0,-1,1.78,0.0,1,0.0,3,698.13,SAT,,2.036,
24,7,14,300.0,0,300.0,-1,0.0,0.0,0,0.0,3,698.13,TIMEOUT,,303.235,
25,7,18,300.0,0,300.0,-1,0.0,0.0,0,0.0,3,698.13,TIMEOUT,,303.259,
26,7,16,228.8,0,299.43320031126143,-1,228.8,0.0,1,0.0,3,926.9300000000001,SAT,,230.191,
27,7,12,0.15,0,5.664400335747003,-1,0.15,0.0,1,0.0,3,927.08,SAT,,2.015,
28,7,19,0.6,0,5.4694006669998165,-1,0.6,0.0,1,0.0,3,927.6800000000001,SAT,,2.013,
29,7,10,0.22,0,4.689400539147854,-1,0.22,0.0,1,0.0,3,927.9000000000001,SAT,,2.014,
30,7,21,1.37,0,4.403400056409836,-1,1.37,0.0,1,0.0,3,929.2700000000001,SAT,,2.013,
31,7,25,62.16,0,300.0,-1,62.16,0.0,1,0.0,4,991.4300000000001,SAT,,64.084,
32,8,16,229.28,0,298.4426003958762,-1,229.28,0.0,1,0.0,4,1220.71,SAT,,230.193,
33,7,26,300.0,0,300.0,-1,0.0,0.0,0,0.0,4,1220.71,TIMEOUT,,303.255,
34,9,14,300.0,0,300.0,-1,0.0,0.0,0,0.0,4,1220.71,TIMEOUT,,303.241,
35,9,21,1.38,0,3.566200703728199,-1,1.38,0.0,1,0.0,4,1222.0900000000001,SAT,,2.043,
36,9,19,0.47,0,1.7722001190960408,-1,0.47,0.0,1,0.0,4,1222.5600000000002,SAT,,2.014,
37,9,26,300.0,0,300.0,-1,0.0,0.0,0,0.0,4,1222.5600000000002,TIMEOUT,,303.287,
38,9,18,300.0,0,300.0,-1,0.0,0.0,0,0.0,4,1222.5600000000002,TIMEOUT,,303.278,
39,9,16,236.53,0,298.80140022223,-1,236.53,0.0,1,0.0,4,1459.0900000000001,SAT,,238.205,
40,7,20,0.67,0,300.0,-1,0.67,0.0,1,0.0,5,1459.7600000000002,SAT,,2.027,
41,4,20,0.55,0,1.7878002378821374,-1,0.55,0.0,1,0.0,5,1460.3100000000002,SAT,,2.019,
42,4,25,60.45,0,83.66440004517436,-1,60.45,0.0,1,0.0,5,1520.7600000000002,SAT,,62.069,
43,4,21,1.36,0,5.079400603073835,-1,1.36,0.0,1,0.0,5,1522.1200000000001,SAT,,2.023,
44,4,16,237.17,0,300.0,-1,237.17,0.0,1,0.0,5,1759.2900000000002,SAT,,238.212,
45,4,18,300.0,0,300.0,-1,0.0,0.0,0,0.0,5,1759.2900000000002,TIMEOUT,,303.278,
46,4,26,300.0,0,300.0,-1,0.0,0.0,0,0.0,5,1759.2900000000002,TIMEOUT,,303.265,
47,7,24,54.61,0,300.0,-1,54.61,0.0,1,0.0,5,1813.9,SAT,,56.071,
48,10,16,231.44,0,298.4426003958762,-1,231.44,0.0,1,0.0,5,2045.3400000000001,SAT,,232.176,
49,7,9,300.0,0,300.0,-1,0.0,0.0,0,0.0,6,2045.3400000000001,TIMEOUT,,303.284,
50,11,24,54.41,0,71.99560054426193,-1,54.41,0.0,1,0.0,6,2099.75,SAT,,56.09,
51,11,10,0.2,0,1.746200405406952,-1,0.2,0.0,1,0.0,6,2099.95,SAT,,2.014,
52,11,12,0.15,0,1.486200362789631,-1,0.15,0.0,1,0.0,6,2100.1,SAT,,2.036,
53,11,20,0.55,0,300.0,-1,0.55,0.0,1,0.0,6,2100.65,SAT,,2.013,
54,11,25,60.81,0,300.0,-1,60.81,0.0,1,0.0,6,2161.46,SAT,,62.092,
55,11,26,300.0,0,300.0,-1,0.0,0.0,0,0.0,6,2161.46,TIMEOUT,,303.268,
56,11,16,227.7,0,300.0,-1,227.7,0.0,1,0.0,6,2389.16,SAT,,228.179,
57,11,14,300.0,0,300.0,-1,0.0,0.0,0,0.0,6,2389.16,TIMEOUT,,303.252,
58,11,21,1.39,0,300.0,-1,1.39,0.0,1,0.0,6,2390.5499999999997,SAT,,2.022,
59,11,18,300.0,0,300.0,-1,0.0,0.0,0,0.0,6,2390.5499999999997,TIMEOUT,,303.279,
60,11,19,0.63,0,300.0,-1,0.63,0.0,1,0.0,6,2391.18,SAT,,2.019,
61,11,9,300.0,0,300.0,-1,0.0,0.0,0,0.0,6,2391.18,TIMEOUT,,303.308,
62,11,3,3.08,0,300.0,-1,3.08,0.0,1,0.0,6,2394.2599999999998,SAT,,4.019,
63,12,14,300.0,0,300.0,-1,0.0,0.0,0,0.0,6,2394.2599999999998,TIMEOUT,,303.262,
64,12,3,2.67,0,6.816200510013104,-1,2.67,0.0,1,0.0,6,2396.93,SAT,,4.018,
65,12,21,1.37,0,3.3452005948603154,-1,1.37,0.0,1,0.0,6,2398.2999999999997,SAT,,2.039,
66,12,19,0.58,0,300.0,-1,0.58,0.0,1,0.0,6,2398.8799999999997,SAT,,2.037,
67,12,25,60.9,0,300.0,-1,60.9,0.0,1,0.0,6,2459.7799999999997,SAT,,62.064,
68,12,26,300.0,0,300.0,-1,0.0,0.0,0,0.0,6,2459.7799999999997,TIMEOUT,,303.274,
69,12,12,0.15,0,1.7124002691090108,-1,0.15,0.0,1,0.0,6,2459.93,SAT,,2.018,
70,12,10,0.2,0,300.0,-1,0.2,0.0,1,0.0,6,2460.1299999999997,SAT,,2.017,
71,12,24,54.63,0,300.0,-1,54.63,0.0,1,0.0,6,2514.7599999999998,SAT,,56.08,
72,12,18,300.0,0,300.0,-1,0.0,0.0,0,0.0,6,2514.7599999999998,TIMEOUT,,303.282,
73,12,9,300.0,0,300.0,-1,0.0,0.0,0,0.0,6,2514.7599999999998,TIMEOUT,,303.276,
74,12,20,0.69,0,297.9642001431167,-1,0.69,0.0,1,0.0,6,2515.45,SAT,,2.035,
75,12,16,229.65,0,297.06720021401645,-1,229.65,0.0,1,0.0,6,2745.1,SAT,,230.199,
76,11,8,6.18,0,300.0,-1,6.18,0.0,1,0.0,7,2751.2799999999997,SAT,,8.042,
77,13,26,300.0,0,300.0,-1,0.0,0.0,0,0.0,7,2751.2799999999997,TIMEOUT,,303.25,
78,13,8,6.15,0,9.299200408506394,-1,6.15,0.0,1,0.0,7,2757.43,SAT,,8.036,
79,13,10,0.2,0,1.3042001876711846,-1,0.2,0.0,1,0.0,7,2757.6299999999997,SAT,,2.015,
80,13,3,2.83,0,300.0,-1,2.83,0.0,1,0.0,7,2760.4599999999996,SAT,,4.02,
81,13,20,0.54,0,299.9064000401378,-1,0.54,0.0,1,0.0,7,2760.9999999999995,SAT,,2.038,
82,13,21,1.35,0,299.2044005062163,-1,1.35,0.0,1,0.0,7,2762.3499999999995,SAT,,2.02,
83,13,16,230.17,0,297.4494005817652,-1,230.17,0.0,1,0.0,7,2992.5199999999995,SAT,,232.195,
84,11,15,300.0,0,300.0,-1,0.0,0.0,0,0.0,7,2992.5199999999995,TIMEOUT,,303.274,
85,14,26,300.0,0,300.0,-1,0.0,0.0,0,0.0,7,2992.5199999999995,TIMEOUT,,303.277,
86,14,10,0.19,0,1.980200007903576,-1,0.19,0.0,1,0.0,7,2992.7099999999996,SAT,,2.014,
87,14,20,0.6,0,1.7332001853466035,-1,0.6,0.0,1,0.0,7,2993.3099999999995,SAT,,2.015,
88,11,2,7.26,0,300.0,-1,7.26,0.0,1,0.0,8,3000.5699999999997,SAT,,8.025,
89,15,9,300.0,0,300.0,-1,0.0,0.0,0,0.0,8,3000.5699999999997,TIMEOUT,,303.274,
90,15,21,1.39,0,3.072200332182646,-1,1.39,0.0,1,0.0,8,3001.9599999999996,SAT,,2.036,
91,15,10,0.17,0,1.2652002539217473,-1,0.17,0.0,1,0.0,8,3002.1299999999997,SAT,,2.036,
92,15,19,0.48,0,300.0,-1,0.48,0.0,1,0.0,8,3002.6099999999997,SAT,,2.036,
93,15,8,6.34,0,300.0,-1,6.34,0.0,1,0.0,8,3008.95,SAT,,8.033,
94,15,14,300.0,0,300.0,-1,0.0,0.0,0,0.0,8,3008.95,TIMEOUT,,303.259,
95,15,25,60.83,0,80.08940054883361,-1,60.83,0.0,1,0.0,8,3069.7799999999997,SAT,,62.088,
96,15,16,226.73,0,300.0,-1,226.73,0.0,1,0.0,8,3296.5099999999998,SAT,,228.196,
97,15,20,0.57,0,300.0,-1,0.57,0.0,1,0.0,8,3297.08,SAT,,2.042,
98,15,24,54.17,0,300.0,-1,54.17,0.0,1,0.0,8,3351.25,SAT,,56.067,
99,15,12,0.15,0,300.0,-1,0.15,0.0,1,0.0,8,3351.4,SAT,,2.014,
100,15,18,300.0,0,300.0,-1,0.0,0.0,0,0.0,8,3351.4,TIMEOUT,,303.27,
101,15,15,300.0,0,300.0,-1,0.0,0.0,0,0.0,8,3351.4,TIMEOUT,,303.257,
102,15,3,2.64,0,16.009800535041094,-1,2.64,0.0,1,0.0,8,3354.04,SAT,,4.023,
103,15,2,7.3,0,12.577800553637744,-1,7.3,0.0,1,0.0,8,3361.34,SAT,,8.045,
104,15,26,300.0,0,300.0,-1,0.0,0.0,0,0.0,8,3361.34,TIMEOUT,,303.266,
105,15,22,6.39,0,300.0,-1,6.39,0.0,1,0.0,8,3367.73,SAT,,8.041,
106,16,24,54.22,0,71.4236003052175,-1,54.22,0.0,1,0.0,8,3421.95,SAT,,56.059,
107,15,1,1.55,0,300.0,-1,1.55,0.0,1,0.0,9,3423.5,SAT,,2.024,
108,17,3,2.81,0,4.4346002939820295,-1,2.81,0.0,1,0.0,9,3426.31,SAT,,4.02,
109,15,4,94.92,0,300.0,-1,94.92,0.0,1,0.0,9,3521.23,SAT,,96.096,
110,18,1,1.58,0,3.017600279647112,-1,1.58,0.0,1,0.0,9,3522.81,SAT,,2.013,
111,15,7,300.0,0,300.0,-1,0.0,0.0,0,0.0,10,3522.81,TIMEOUT,,303.294,
112,19,16,234.64,0,295.75160060857536,-1,234.64,0.0,1,0.0,10,3757.45,SAT,,236.187,
113,15,13,300.0,0,300.0,-1,0.0,0.0,0,0.0,10,3757.45,TIMEOUT,,303.303,
114,20,7,300.0,0,300.0,-1,0.0,0.0,0,0.0,10,3757.45,TIMEOUT,,303.279,
115,20,10,0.23,0,1.4212007153511048,-1,0.23,0.0,1,0.0,10,3757.68,SAT,,2.039,
116,20,12,0.18,0,1.1222000125527383,-1,0.18,0.0,1,0.0,10,3757.8599999999997,SAT,,2.012,
117,15,6,0.37,0,300.0,-1,0.37,0.0,1,0.0,11,3758.2299999999996,SAT,,2.036,
118,18,7,300.0,0,300.0,-1,0.0,0.0,0,0.0,11,3758.2299999999996,TIMEOUT,,303.289,
119,15,5,3.65,0,300.0,-1,3.65,0.0,1,0.0,11,3761.8799999999997,SAT,,4.021,
120,21,7,300.0,0,300.0,-1,0.0,0.0,0,0.0,11,3761.8799999999997,TIMEOUT,,303.277,
121,21,6,0.35,0,80.56520017643571,-1,0.35,0.0,1,0.0,11,3762.2299999999996,SAT,,2.012,
122,21,25,61.37,0,80.1102004650712,-1,61.37,0.0,1,0.0,11,3823.5999999999995,SAT,,62.063,
123,15,23,33.37,0,300.0,-1,33.37,0.0,1,0.0,12,3856.9699999999993,SAT,,34.061,
124,22,3,2.64,0,4.4346002939820295,-1,2.64,0.0,1,0.0,12,3859.609999999999,SAT,,4.02,
125,22,25,61.97,0,80.70820041780472,-1,61.97,0.0,1,0.0,12,3921.579999999999,SAT,,62.079,
126,15,11,300.0,0,300.0,-1,0.0,0.0,0,0.0,12,3921.579999999999,TIMEOUT,,303.291,
127,23,15,300.0,0,300.0,-1,0.0,0.0,0,0.0,12,3921.579999999999,TIMEOUT,,303.262,
128,23,9,300.0,0,300.0,-1,0.0,0.0,0,0.0,12,3921.579999999999,TIMEOUT,,303.293,
129,23,5,3.73,0,5.75020062585473,-1,3.73,0.0,1,0.0,12,3925.309999999999,SAT,,4.024,
130,15,17,14.83,0,300.0,-1,14.83,0.0,1,0.0,13,3940.139999999999,SAT,,16.044,
131,24,19,0.48,0,1.626600705432892,-1,0.48,0.0,1,0.0,13,3940.619999999999,SAT,,2.021,
132,24,24,55.13,0,90.70520038564803,-1,55.13,0.0,1,0.0,13,3995.749999999999,SAT,,56.084,
133,24,17,15.39,0,19.036200333732367,-1,15.39,0.0,1,0.0,13,4011.139999999999,SAT,,16.04,
134,25,19,0.48,0,1.626600705432892,-1,0.48,0.0,1,0.0,13,4011.619999999999,SAT,,2.014,
135,25,2,6.93,0,15.240200002092124,-1,6.93,0.0,1,0.0,13,4018.549999999999,SAT,,8.049,
136,25,5,3.49,0,6.231200050908328,-1,3.49,0.0,1,0.0,13,4022.0399999999986,SAT,,4.032,
137,25,14,300.0,0,300.0,-1,0.0,0.0,0,0.0,13,4022.0399999999986,TIMEOUT,,303.25,
138,25,17,14.58,0,300.0,-1,14.58,0.0,1,0.0,13,4036.6199999999985,SAT,,16.046,
139,25,18,300.0,0,300.0,-1,0.0,0.0,0,0.0,13,4036.6199999999985,TIMEOUT,,303.269,
140,25,24,54.91,0,72.44540045817494,-1,54.91,0.0,1,0.0,13,4091.5299999999984,SAT,,56.068,
141,25,4,92.95,0,300.0,-1,92.95,0.0,1,0.0,13,4184.479999999999,SAT,,94.096,
142,25,12,0.17,0,300.0,-1,0.17,0.0,1,0.0,13,4184.649999999999,SAT,,2.016,
143,25,23,33.63,0,300.0,-1,33.63,0.0,1,0.0,13,4218.279999999999,SAT,,34.06,
144,25,25,61.29,0,300.0,-1,61.29,0.0,1,0.0,13,4279.569999999999,SAT,,62.092,
145,25,6,0.51,0,300.0,-1,0.51,0.0,1,0.0,13,4280.079999999999,SAT,,2.015,
146,25,1,1.54,0,300.0,-1,1.54,0.0,1,0.0,13,4281.619999999999,SAT,,2.018,
147,25,8,6.04,0,300.0,-1,6.04,0.0,1,0.0,13,4287.659999999999,SAT,,8.031,
148,25,15,300.0,0,300.0,-1,0.0,0.0,0,0.0,13,4287.659999999999,TIMEOUT,,303.267,
149,25,7,300.0,0,300.0,-1,0.0,0.0,0,0.0,13,4287.659999999999,TIMEOUT,,303.284,
150,25,16,223.66,0,300.0,-1,223.66,0.0,1,0.0,13,4511.319999999999,SAT,,224.177,
151,25,13,300.0,0,300.0,-1,0.0,0.0,0,0.0,13,4511.319999999999,TIMEOUT,,303.271,
152,25,3,2.72,0,300.0,-1,2.72,0.0,1,0.0,13,4514.039999999999,SAT,,4.02,
153,25,10,0.2,0,300.0,-1,0.2,0.0,1,0.0,13,4514.239999999999,SAT,,2.035,
154,25,11,300.0,0,300.0,-1,0.0,0.0,0,0.0,13,4514.239999999999,TIMEOUT,,303.279,
155,25,22,6.06,0,300.0,-1,6.06,0.0,1,0.0,13,4520.299999999999,SAT,,8.025,
156,25,26,300.0,0,300.0,-1,0.0,0.0,0,0.0,13,4520.299999999999,TIMEOUT,,303.273,
157,25,21,1.51,0,300.0,-1,1.51,0.0,1,0.0,13,4521.8099999999995,SAT,,2.037,
158,25,20,0.61,0,300.0,-1,0.61,0.0,1,0.0,13,4522.419999999999,SAT,,2.036,
159,25,9,300.0,0,300.0,-1,0.0,0.0,0,0.0,13,4522.419999999999,TIMEOUT,,303.289,
160,26,3,2.64,0,4.538600601601601,-1,2.64,0.0,1,0.0,14,4525.0599999999995,SAT,,4.027,
161,26,20,0.54,0,2.123200249272585,-1,0.54,0.0,1,0.0,14,4525.599999999999,SAT,,2.036,
162,26,12,0.2,0,1.4212007153511048,-1,0.2,0.0,1,0.0,14,4525.799999999999,SAT,,2.037,
163,26,6,0.43,0,300.0,-1,0.43,0.0,1,0.0,14,4526.23,SAT,,2.034,
164,26,17,15.47,0,300.0,-1,15.47,0.0,1,0.0,14,4541.7,SAT,,16.046,
165,26,23,33.27,0,300.0,-1,33.27,0.0,1,0.0,14,4574.97,SAT,,34.06,
166,26,9,300.0,0,300.0,-1,0.0,0.0,0,0.0,14,4574.97,TIMEOUT,,303.277,
167,27,10,0.19,0,1.2626003551959992,-1,0.19,0.0,1,0.0,14,4575.16,SAT,,2.04,
168,27,19,0.47,0,20.596200589436293,-1,0.47,0.0,1,0.0,14,4575.63,SAT,,2.014,
169,27,17,15.47,0,19.985200416642428,-1,15.47,0.0,1,0.0,14,4591.1,SAT,,16.039,
170,28,16,234.99,0,291.76060060818793,-1,234.99,0.0,1,0.0,15,4826.09,SAT,,236.217,
171,29,8,6.18,0,8.854600292044879,-1,6.18,0.0,1,0.0,15,4832.27,SAT,,8.033,
172,30,10,0.19,0,1.2626003551959992,-1,0.19,0.0,1,0.0,16,4832.46,SAT,,2.013,
173,30,6,0.37,0,1.9022001404047013,-1,0.37,0.0,1,0.0,16,4832.83,SAT,,2.014,
174,30,12,0.15,0,1.4212007153511048,-1,0.15,0.0,1,0.0,16,4832.98,SAT,,2.039,
175,30,23,33.22,0,300.0,-1,33.22,0.0,1,0.0,16,4866.2,SAT,,34.058,
176,30,26,300.0,0,300.0,-1,0.0,0.0,0,0.0,16,4866.2,TIMEOUT,,303.275,
177,30,17,15.37,0,300.0,-1,15.37,0.0,1,0.0,16,4881.57,SAT,,16.046,
178,30,13,300.0,0,300.0,-1,0.0,0.0,0,0.0,16,4881.57,TIMEOUT,,303.298,
179,31,17,15.21,0,19.956600077795983,-1,15.21,0.0,1,0.0,16,4896.78,SAT,,16.022,
180,32,4,90.59,0,121.83760014210941,-1,90.59,0.0,1,0.0,17,4987.37,SAT,,92.113,
181,32,7,300.0,0,300.0,-1,0.0,0.0,0,0.0,17,4987.37,TIMEOUT,,303.283,
182,32,15,300.0,0,300.0,-1,0.0,0.0,0,0.0,17,4987.37,TIMEOUT,,303.264,
183,32,26,300.0,0,300.0,-1,0.0,0.0,0,0.0,17,4987.37,TIMEOUT,,303.259,
184,32,21,1.34,0,11.37140032683611,-1,1.34,0.0,1,0.0,17,4988.71,SAT,,2.041,
185,32,20,0.68,0,9.629400622445345,-1,0.68,0.0,1,0.0,17,4989.39,SAT,,2.014,
186,32,5,3.7,0,8.74540018697381,-1,3.7,0.0,1,0.0,17,4993.09,SAT,,4.021,
187,32,23,34.4,0,300.0,-1,34.4,0.0,1,0.0,17,5027.49,SAT,,36.046,
188,32,18,300.0,0,300.0,-1,0.0,0.0,0,0.0,17,5027.49,TIMEOUT,,303.274,
189,32,13,300.0,0,300.0,-1,0.0,0.0,0,0.0,17,5027.49,TIMEOUT,,303.267,
190,32,11,300.0,0,300.0,-1,0.0,0.0,0,0.0,17,5027.49,TIMEOUT,,303.275,
191,32,16,232.92,0,300.0,-1,232.92,0.0,1,0.0,17,5260.41,SAT,,234.202,
192,32,1,1.62,0,143.96880036999585,-1,1.62,0.0,1,0.0,17,5262.03,SAT,,2.035,
193,32,25,60.77,0,141.8628003153682,-1,60.77,0.0,1,0.0,17,5322.8,SAT,,62.064,
194,32,24,54.3,0,62.86180036922097,-1,54.3,0.0,1,0.0,17,5377.1,SAT,,56.082,
195,33,4,89.84,0,121.83760014210941,-1,89.84,0.0,1,0.0,17,5466.9400000000005,SAT,,90.09,
196,33,23,33.65,0,56.61920017411113,-1,33.65,0.0,1,0.0,17,5500.59,SAT,,34.062,
197,33,8,6.09,0,12.874200631278754,-1,6.09,0.0,1,0.0,17,5506.68,SAT,,8.034,
198,33,2,7.04,0,300.0,-1,7.04,0.0,1,0.0,17,5513.72,SAT,,8.04,
199,33,19,0.46,0,300.0,-1,0.46,0.0,1,0.0,17,5514.18,SAT,,2.036,
200,33,14,300.0,0,300.0,-1,0.0,0.0,0,0.0,17,5514.18,TIMEOUT,,303.235,
201,33,22,6.29,0,12.7234006937325,-1,6.29,0.0,1,0.0,17,5520.47,SAT,,8.022,
202,33,25,61.38,0,300.0,-1,61.38,0.0,1,0.0,17,5581.85,SAT,,62.086,
203,33,13,300.0,0,300.0,-1,0.0,0.0,0,0.0,17,5581.85,TIMEOUT,,303.292,
204,33,9,300.0,0,300.0,-1,0.0,0.0,0,0.0,17,5581.85,TIMEOUT,,303.284,
205,33,20,0.6,0,300.0,-1,0.6,0.0,1,0.0,17,5582.450000000001,SAT,,2.025,
206,33,7,300.0,0,300.0,-1,0.0,0.0,0,0.0,17,5582.450000000001,TIMEOUT,,303.332,
207,33,18,300.0,0,300.0,-1,0.0,0.0,0,0.0,17,5582.450000000001,TIMEOUT,,303.266,
208,33,15,300.0,0,300.0,-1,0.0,0.0,0,0.0,17,5582.450000000001,TIMEOUT,,303.286,
209,33,10,0.19,0,4.712800354111195,-1,0.19,0.0,1,0.0,17,5582.64,SAT,,2.034,
210,33,6,0.36,0,300.0,-1,0.36,0.0,1,0.0,17,5583.0,SAT,,2.019,
211,33,11,300.0,0,300.0,-1,0.0,0.0,0,0.0,17,5583.0,TIMEOUT,,303.297,
212,33,12,0.15,0,300.0,-1,0.15,0.0,1,0.0,17,5583.15,SAT,,2.013,
213,33,26,300.0,0,300.0,-1,0.0,0.0,0,0.0,17,5583.15,TIMEOUT,,303.261,
214,33,1,1.55,0,300.0,-1,1.55,0.0,1,0.0,17,5584.7,SAT,,2.04,
215,33,3,2.65,0,300.0,-1,2.65,0.0,1,0.0,17,5587.349999999999,SAT,,4.019,
216,33,16,234.04,0,300.0,-1,234.04,0.0,1,0.0,17,5821.389999999999,SAT,,234.2,
217,33,24,54.45,0,88.12210039083959,-1,54.45,0.0,1,0.0,17,5875.839999999999,SAT,,56.06,
218,33,21,1.38,0,17.337100047963858,-1,1.38,0.0,1,0.0,17,5877.219999999999,SAT,,2.036,
219,33,17,15.95,0,15.543100189763308,-1,15.95,0.0,1,0.0,17,5893.169999999999,SAT,,16.044,
220,27,5,4.42,0,4.412500065165759,-1,4.42,0.0,1,0.0,18,5897.589999999999,SAT,,6.035,
221,34,24,55.39,0,72.38560060818791,-1,55.39,0.0,1,0.0,18,5952.98,SAT,,56.062,
222,35,24,54.94,0,72.38560060818791,-1,54.94,0.0,1,0.0,19,6007.919999999999,SAT,,56.06,
223,36,23,33.25,0,44.721600141721964,-1,33.25,0.0,1,0.0,19,6041.169999999999,SAT,,34.064,
224,36,19,0.62,0,2.7862005758762356,-1,0.62,0.0,1,0.0,19,6041.789999999999,SAT,,2.014,
225,36,6,0.42,0,1.980200007903576,-1,0.42,0.0,1,0.0,19,6042.209999999999,SAT,,2.014,
226,36,8,6.18,0,300.0,-1,6.18,0.0,1,0.0,19,6048.389999999999,SAT,,8.035,
227,36,12,0.16,0,300.0,-1,0.16,0.0,1,0.0,19,6048.549999999999,SAT,,2.036,
228,36,22,6.11,0,300.0,-1,6.11,0.0,1,0.0,19,6054.659999999999,SAT,,8.048,
229,36,13,300.0,0,300.0,-1,0.0,0.0,0,0.0,19,6054.659999999999,TIMEOUT,,303.271,
230,36,20,0.61,0,300.0,-1,0.61,0.0,1,0.0,19,6055.269999999999,SAT,,2.016,
231,36,11,300.0,0,300.0,-1,0.0,0.0,0,0.0,19,6055.269999999999,TIMEOUT,,303.284,
232,36,7,300.0,0,300.0,-1,0.0,0.0,0,0.0,19,6055.269999999999,TIMEOUT,,303.279,
233,36,5,3.65,0,300.0,-1,3.65,0.0,1,0.0,19,6058.919999999998,SAT,,4.03,
234,36,14,300.0,0,300.0,-1,0.0,0.0,0,0.0,19,6058.919999999998,TIMEOUT,,303.249,
235,36,25,60.93,0,300.0,-1,60.93,0.0,1,0.0,19,6119.8499999999985,SAT,,62.066,
236,36,24,54.32,0,300.0,-1,54.32,0.0,1,0.0,19,6174.169999999998,SAT,,56.081,
237,36,18,300.0,0,300.0,-1,0.0,0.0,0,0.0,19,6174.169999999998,TIMEOUT,,303.269,
238,36,26,300.0,0,300.0,-1,0.0,0.0,0,0.0,19,6174.169999999998,TIMEOUT,,303.262,
239,36,17,15.28,0,300.0,-1,15.28,0.0,1,0.0,19,6189.449999999998,SAT,,16.041,
240,36,9,300.0,0,300.0,-1,0.0,0.0,0,0.0,19,6189.449999999998,TIMEOUT,,303.298,
241,36,10,0.27,0,300.0,-1,0.27,0.0,1,0.0,19,6189.719999999998,SAT,,2.036,
242,36,1,1.59,0,300.0,-1,1.59,0.0,1,0.0,19,6191.309999999999,SAT,,2.035,
243,36,16,226.06,0,300.0,-1,226.06,0.0,1,0.0,19,6417.369999999999,SAT,,226.188,
244,36,15,300.0,0,300.0,-1,0.0,0.0,0,0.0,19,6417.369999999999,TIMEOUT,,303.27,
245,36,4,91.77,0,133.41410069574715,-1,91.77,0.0,1,0.0,19,6509.139999999999,SAT,,92.098,
246,36,3,2.65,0,14.11310068179965,-1,2.65,0.0,1,0.0,19,6511.789999999999,SAT,,4.018,
247,36,21,1.53,0,10.668100480335951,-1,1.53,0.0,1,0.0,19,6513.319999999999,SAT,,2.017,
248,36,2,7.01,0,8.679100226956606,-1,7.01,0.0,1,0.0,19,6520.329999999999,SAT,,8.024,
249,17,15,300.0,0,300.0,-1,0.0,0.0,0,0.0,20,6520.329999999999,TIMEOUT,,303.261,
250,37,7,300.0,0,300.0,-1,0.0,0.0,0,0.0,20,6520.329999999999,TIMEOUT,,303.298,
251,37,15,300.0,0,300.0,-1,0.0,0.0,0,0.0,20,6520.329999999999,TIMEOUT,,303.37,
252,37,21,1.33,0,2.9682000245630737,-1,1.33,0.0,1,0.0,20,6521.659999999999,SAT,,2.036,
253,37,17,15.0,0,300.0,-1,15.0,0.0,1,0.0,20,6536.659999999999,SAT,,16.038,
254,37,23,33.63,0,300.0,-1,33.63,0.0,1,0.0,20,6570.289999999999,SAT,,34.065,
255,37,11,300.0,0,300.0,-1,0.0,0.0,0,0.0,20,6570.289999999999,TIMEOUT,,303.275,
256,37,2,6.83,0,9.70740048994422,-1,6.83,0.0,1,0.0,20,6577.119999999999,SAT,,8.045,
257,27,4,91.94,0,119.50280028243662,-1,91.94,0.0,1,0.0,21,6669.059999999999,SAT,,92.095,
258,38,11,300.0,0,300.0,-1,0.0,0.0,0,0.0,21,6669.059999999999,TIMEOUT,,303.283,
259,38,20,0.54,0,5.334200121808052,-1,0.54,0.0,1,0.0,21,6669.5999999999985,SAT,,2.014,
260,38,3,2.75,0,4.632200587886572,-1,2.75,0.0,1,0.0,21,6672.3499999999985,SAT,,4.018,
261,38,23,33.66,0,300.0,-1,33.66,0.0,1,0.0,21,6706.009999999998,SAT,,34.06,
262,38,16,230.05,0,300.0,-1,230.05,0.0,1,0.0,21,6936.059999999999,SAT,,230.194,
263,38,14,300.0,0,300.0,-1,0.0,0.0,0,0.0,21,6936.059999999999,TIMEOUT,,303.242,
264,39,2,7.28,0,10.011600263762475,-1,7.28,0.0,1,0.0,22,6943.339999999998,SAT,,8.023,
265,40,25,60.84,0,80.67960007895827,-1,60.84,0.0,1,0.0,22,7004.1799999999985,SAT,,62.086,
266,40,15,300.0,0,300.0,-1,0.0,0.0,0,0.0,22,7004.1799999999985,TIMEOUT,,303.261,
267,40,4,93.07,0,122.42520049993993,-1,93.07,0.0,1,0.0,22,7097.249999999998,SAT,,94.109,
268,40,17,14.54,0,135.7554006654501,-1,14.54,0.0,1,0.0,22,7111.789999999998,SAT,,16.037,
269,40,24,54.57,0,116.85340032761098,-1,54.57,0.0,1,0.0,22,7166.359999999998,SAT,,56.064,
270,40,10,0.23,0,45.9124002497375,-1,0.23,0.0,1,0.0,22,7166.589999999997,SAT,,2.012,
271,40,23,33.39,0,45.61340027337074,-1,33.39,0.0,1,0.0,22,7199.979999999998,SAT,,34.064,
272,40,7,300.0,0,300.0,-1,0.0,0.0,0,0.0,22,7199.979999999998,TIMEOUT,,303.273,
273,40,22,5.7,0,300.0,-1,5.7,0.0,1,0.0,22,7205.679999999998,SAT,,6.033,
274,40,11,300.0,0,300.0,-1,0.0,0.0,0,0.0,22,7205.679999999998,TIMEOUT,,303.291,
275,40,16,233.42,0,300.0,-1,233.42,0.0,1,0.0,22,7439.099999999998,SAT,,234.197,
276,40,18,300.0,0,300.0,-1,0.0,0.0,0,0.0,22,7439.099999999998,TIMEOUT,,303.273,
277,41,8,6.12,0,8.854600292044879,-1,6.12,0.0,1,0.0,23,7445.2199999999975,SAT,,8.036,
278,42,8,6.19,0,8.854600292044879,-1,6.19,0.0,1,0.0,23,7451.409999999997,SAT,,8.035,
279,43,15,300.0,0,300.0,-1,0.0,0.0,0,0.0,24,7451.409999999997,TIMEOUT,,303.265,
280,43,6,0.38,0,300.0,-1,0.38,0.0,1,0.0,24,7451.789999999997,SAT,,2.039,
281,43,11,300.0,0,300.0,-1,0.0,0.0,0,0.0,24,7451.789999999997,TIMEOUT,,303.27,
282,43,18,300.0,0,300.0,-1,0.0,0.0,0,0.0,24,7451.789999999997,TIMEOUT,,303.271,
283,43,5,3.62,0,300.0,-1,3.62,0.0,1,0.0,24,7455.409999999997,SAT,,4.027,
284,43,14,300.0,0,300.0,-1,0.0,0.0,0,0.0,24,7455.409999999997,TIMEOUT,,303.242,
285,43,21,1.36,0,2.973400548446178,-1,1.36,0.0,1,0.0,24,7456.769999999997,SAT,,2.012,
286,43,16,235.72,0,300.0,-1,235.72,0.0,1,0.0,24,7692.489999999997,SAT,,236.187,
287,43,19,0.59,0,300.0,-1,0.59,0.0,1,0.0,24,7693.079999999997,SAT,,2.037,
288,43,2,6.96,0,300.0,-1,6.96,0.0,1,0.0,24,7700.039999999997,SAT,,8.04,
289,43,10,0.21,0,300.0,-1,0.21,0.0,1,0.0,24,7700.249999999997,SAT,,2.018,
290,43,4,90.5,0,300.0,-1,90.5,0.0,1,0.0,24,7790.749999999997,SAT,,92.102,
291,43,8,6.06,0,300.0,-1,6.06,0.0,1,0.0,24,7796.809999999998,SAT,,8.035,
292,43,7,300.0,0,300.0,-1,0.0,0.0,0,0.0,24,7796.809999999998,TIMEOUT,,303.28,
293,44,19,0.46,0,1.626600705432892,-1,0.46,0.0,1,0.0,24,7797.269999999998,SAT,,2.013,
294,44,10,0.27,0,80.96820046042204,-1,0.27,0.0,1,0.0,24,7797.539999999998,SAT,,2.015,
295,44,25,60.74,0,80.6172003302455,-1,60.74,0.0,1,0.0,24,7858.279999999998,SAT,,62.086,
296,44,6,0.36,0,300.0,-1,0.36,0.0,1,0.0,24,7858.639999999998,SAT,,2.04,
297,44,23,33.34,0,300.0,-1,33.34,0.0,1,0.0,24,7891.979999999998,SAT,,34.066,
298,44,9,300.0,0,300.0,-1,0.0,0.0,0,0.0,24,7891.979999999998,TIMEOUT,,303.285,
299,44,1,1.59,0,4.2344001013517385,-1,1.59,0.0,1,0.0,24,7893.569999999998,SAT,,2.034,
300,44,20,0.56,0,300.0,-1,0.56,0.0,1,0.0,24,7894.129999999998,SAT,,2.035,
301,44,21,1.38,0,300.0,-1,1.38,0.0,1,0.0,24,7895.509999999998,SAT,,2.036,
302,44,16,233.14,0,300.0,-1,233.14,0.0,1,0.0,24,8128.649999999999,SAT,,234.177,
303,44,14,300.0,0,300.0,-1,0.0,0.0,0,0.0,24,8128.649999999999,TIMEOUT,,303.251,
304,44,15,300.0,0,300.0,-1,0.0,0.0,0,0.0,24,8128.649999999999,TIMEOUT,,303.268,
305,44,18,300.0,0,300.0,-1,0.0,0.0,0,0.0,24,8128.649999999999,TIMEOUT,,303.278,
306,44,2,7.25,0,70.47980001975894,-1,7.25,0.0,1,0.0,24,8135.899999999999,SAT,,8.039,
307,44,24,54.56,0,61.054800290960074,-1,54.56,0.0,1,0.0,24,8190.459999999999,SAT,,56.059,
308,45,5,3.59,0,5.539600111889839,-1,3.59,0.0,1,0.0,25,8194.05,SAT,,4.024,
309,46,20,0.54,0,1.7956006604909898,-1,0.54,0.0,1,0.0,25,8194.59,SAT,,2.035,
310,46,17,15.04,0,20.271200172948838,-1,15.04,0.0,1,0.0,25,8209.630000000001,SAT,,16.04,
311,47,2,6.94,0,10.011600263762475,-1,6.94,0.0,1,0.0,26,8216.570000000002,SAT,,8.02,
312,48,13,300.0,0,300.0,-1,0.0,0.0,0,0.0,26,8216.570000000002,TIMEOUT,,303.279,
313,48,18,300.0,0,300.0,-1,0.0,0.0,0,0.0,26,8216.570000000002,TIMEOUT,,303.28,
314,48,11,300.0,0,300.0,-1,0.0,0.0,0,0.0,26,8216.570000000002,TIMEOUT,,303.292,
315,48,21,1.4,0,300.0,-1,1.4,0.0,1,0.0,26,8217.970000000001,SAT,,2.015,
316,48,12,0.15,0,300.0,-1,0.15,0.0,1,0.0,26,8218.12,SAT,,2.011,
317,48,14,300.0,0,300.0,-1,0.0,0.0,0,0.0,26,8218.12,TIMEOUT,,303.242,
318,48,6,0.37,0,1.8424002904176713,-1,0.37,0.0,1,0.0,26,8218.490000000002,SAT,,2.037,
319,48,22,5.96,0,300.0,-1,5.96,0.0,1,0.0,26,8224.45,SAT,,6.038,
320,48,5,3.61,0,300.0,-1,3.61,0.0,1,0.0,26,8228.060000000001,SAT,,4.02,
321,48,25,60.87,0,300.0,-1,60.87,0.0,1,0.0,26,8288.930000000002,SAT,,62.069,
322,48,23,33.24,0,300.0,-1,33.24,0.0,1,0.0,26,8322.170000000002,SAT,,34.063,
323,48,16,228.53,0,300.0,-1,228.53,0.0,1,0.0,26,8550.700000000003,SAT,,230.194,
324,48,26,300.0,0,300.0,-1,0.0,0.0,0,0.0,26,8550.700000000003,TIMEOUT,,303.273,
325,48,17,15.3,0,300.0,-1,15.3,0.0,1,0.0,26,8566.000000000002,SAT,,16.046,
326,48,7,300.0,0,300.0,-1,0.0,0.0,0,0.0,26,8566.000000000002,TIMEOUT,,303.284,
327,49,15,300.0,0,300.0,-1,0.0,0.0,0,0.0,27,8566.000000000002,TIMEOUT,,303.267,
328,49,13,300.0,0,300.0,-1,0.0,0.0,0,0.0,27,8566.000000000002,TIMEOUT,,303.307,
329,49,18,300.0,0,300.0,-1,0.0,0.0,0,0.0,27,8566.000000000002,TIMEOUT,,303.258,
330,49,19,0.5,0,300.0,-1,0.5,0.0,1,0.0,27,8566.500000000002,SAT,,2.014,
331,49,14,300.0,0,300.0,-1,0.0,0.0,0,0.0,27,8566.500000000002,TIMEOUT,,303.26,
332,49,5,3.73,0,300.0,-1,3.73,0.0,1,0.0,27,8570.230000000001,SAT,,4.021,
333,49,9,300.0,0,300.0,-1,0.0,0.0,0,0.0,27,8570.230000000001,TIMEOUT,,303.282,
334,50,19,0.54,0,1.626600705432892,-1,0.54,0.0,1,0.0,27,8570.770000000002,SAT,,2.036,
335,51,20,0.63,0,1.7956006604909898,-1,0.63,0.0,1,0.0,28,8571.400000000001,SAT,,2.013,
336,52,24,54.64,0,72.38560060818791,-1,54.64,0.0,1,0.0,28,8626.04,SAT,,56.082,
337,52,11,300.0,0,300.0,-1,0.0,0.0,0,0.0,28,8626.04,TIMEOUT,,303.283,
338,52,5,3.65,0,5.893200140792131,-1,3.65,0.0,1,0.0,28,8629.69,SAT,,4.023,
339,52,25,61.17,0,300.0,-1,61.17,0.0,1,0.0,28,8690.86,SAT,,62.064,
340,52,9,300.0,0,300.0,-1,0.0,0.0,0,0.0,28,8690.86,TIMEOUT,,303.282,
341,52,26,300.0,0,300.0,-1,0.0,0.0,0,0.0,28,8690.86,TIMEOUT,,303.25,
342,52,22,6.03,0,9.187400404709578,-1,6.03,0.0,1,0.0,28,8696.890000000001,SAT,,8.025,
343,52,21,1.43,0,300.0,-1,1.43,0.0,1,0.0,28,8698.320000000002,SAT,,2.013,
344,52,15,300.0,0,300.0,-1,0.0,0.0,0,0.0,28,8698.320000000002,TIMEOUT,,303.264,
345,52,23,33.31,0,300.0,-1,33.31,0.0,1,0.0,28,8731.630000000001,SAT,,34.061,
346,52,17,15.32,0,300.0,-1,15.32,0.0,1,0.0,28,8746.95,SAT,,16.048,
347,52,10,0.27,0,300.0,-1,0.27,0.0,1,0.0,28,8747.220000000001,SAT,,2.015,
348,52,7,300.0,0,300.0,-1,0.0,0.0,0,0.0,28,8747.220000000001,TIMEOUT,,303.277,
349,52,18,300.0,0,300.0,-1,0.0,0.0,0,0.0,28,8747.220000000001,TIMEOUT,,303.274,
350,52,8,6.28,0,8.677800640809537,-1,6.28,0.0,1,0.0,28,8753.500000000002,SAT,,8.035,
351,51,18,300.0,0,300.0,-1,0.0,0.0,0,0.0,29,8753.500000000002,TIMEOUT,,303.243,
352,53,14,300.0,0,300.0,-1,0.0,0.0,0,0.0,29,8753.500000000002,TIMEOUT,,303.247,
353,53,3,2.65,0,300.0,-1,2.65,0.0,1,0.0,29,8756.150000000001,SAT,,4.021,
354,53,11,300.0,0,300.0,-1,0.0,0.0,0,0.0,29,8756.150000000001,TIMEOUT,,303.278,
355,53,16,227.8,0,294.83640066196324,-1,227.8,0.0,1,0.0,29,8983.95,SAT,,228.19,
356,54,24,55.28,0,72.38560060818791,-1,55.28,0.0,1,0.0,30,9039.230000000001,SAT,,56.083,
357,55,10,0.19,0,1.2626003551959992,-1,0.19,0.0,1,0.0,30,9039.420000000002,SAT,,2.034,
358,55,9,300.0,0,300.0,-1,0.0,0.0,0,0.0,30,9039.420000000002,TIMEOUT,,303.305,
359,55,20,0.55,0,1.8112000528454781,-1,0.55,0.0,1,0.0,30,9039.970000000001,SAT,,2.038,
360,55,16,236.42,0,300.0,-1,236.42,0.0,1,0.0,30,9276.390000000001,SAT,,238.203,
361,55,11,300.0,0,300.0,-1,0.0,0.0,0,0.0,30,9276.390000000001,TIMEOUT,,303.317,
362,55,2,7.03,0,64.90540067513585,-1,7.03,0.0,1,0.0,30,9283.420000000002,SAT,,8.02,
363,55,24,54.63,0,55.766400702643395,-1,54.63,0.0,1,0.0,30,9338.050000000001,SAT,,56.06,
364,27,11,300.0,0,300.0,-1,0.0,0.0,0,0.0,31,9338.050000000001,TIMEOUT,,303.281,
365,56,4,90.5,0,121.83760014210941,-1,90.5,0.0,1,0.0,31,9428.550000000001,SAT,,92.103,
366,56,19,0.49,0,300.0,-1,0.49,0.0,1,0.0,31,9429.04,SAT,,2.039,
367,56,7,300.0,0,300.0,-1,0.0,0.0,0,0.0,31,9429.04,TIMEOUT,,303.291,
368,56,2,6.97,0,300.0,-1,6.97,0.0,1,0.0,31,9436.01,SAT,,8.026,
369,56,23,33.69,0,300.0,-1,33.69,0.0,1,0.0,31,9469.7,SAT,,34.064,
370,56,9,300.0,0,300.0,-1,0.0,0.0,0,0.0,31,9469.7,TIMEOUT,,303.291,
371,56,11,300.0,0,300.0,-1,0.0,0.0,0,0.0,31,9469.7,TIMEOUT,,303.286,
372,56,24,55.04,0,300.0,-1,55.04,0.0,1,0.0,31,9524.740000000002,SAT,,56.08,
373,56,12,0.2,0,300.0,-1,0.2,0.0,1,0.0,31,9524.940000000002,SAT,,2.036,
374,56,22,5.78,0,300.0,-1,5.78,0.0,1,0.0,31,9530.720000000003,SAT,,6.03,
375,56,1,1.64,0,300.0,-1,1.64,0.0,1,0.0,31,9532.360000000002,SAT,,2.035,
376,56,18,300.0,0,300.0,-1,0.0,0.0,0,0.0,31,9532.360000000002,TIMEOUT,,303.271,
377,56,15,300.0,0,300.0,-1,0.0,0.0,0,0.0,31,9532.360000000002,TIMEOUT,,303.285,
378,56,3,2.67,0,300.0,-1,2.67,0.0,1,0.0,31,9535.030000000002,SAT,,4.021,
379,56,26,300.0,0,300.0,-1,0.0,0.0,0,0.0,31,9535.030000000002,TIMEOUT,,303.254,
380,56,17,15.47,0,300.0,-1,15.47,0.0,1,0.0,31,9550.500000000002,SAT,,16.04,
381,56,21,1.47,0,300.0,-1,1.47,0.0,1,0.0,31,9551.970000000001,SAT,,2.01,
382,56,25,61.07,0,300.0,-1,61.07,0.0,1,0.0,31,9613.04,SAT,,62.069,
383,56,13,300.0,0,300.0,-1,0.0,0.0,0,0.0,31,9613.04,TIMEOUT,,303.288,
384,56,8,6.2,0,300.0,-1,6.2,0.0,1,0.0,31,9619.240000000002,SAT,,8.037,
385,56,14,300.0,0,300.0,-1,0.0,0.0,0,0.0,31,9619.240000000002,TIMEOUT,,303.259,
386,56,20,0.69,0,300.0,-1,0.69,0.0,1,0.0,31,9619.930000000002,SAT,,2.039,
387,56,10,0.26,0,299.2551003474474,-1,0.26,0.0,1,0.0,31,9620.190000000002,SAT,,2.014,
388,56,5,3.59,0,298.9171004373312,-1,3.59,0.0,1,0.0,31,9623.780000000002,SAT,,4.019,
389,56,16,228.58,0,294.2501006167114,-1,228.58,0.0,1,0.0,31,9852.360000000002,SAT,,230.192,
390,42,24,54.27,0,72.1919005255878,-1,54.27,0.0,1,0.0,32,9906.630000000003,SAT,,56.059,
391,42,4,92.73,0,166.19750006904007,-1,92.73,0.0,1,0.0,32,9999.360000000002,SAT,,94.096,
392,42,23,33.25,0,45.64850072224736,-1,33.25,0.0,1,0.0,32,10032.610000000002,SAT,,34.04,
393,42,19,0.49,0,13.595700495290757,-1,0.49,0.0,1,0.0,32,10033.100000000002,SAT,,2.036,
394,42,22,5.9,0,12.958700608807803,-1,5.9,0.0,1,0.0,32,10039.000000000002,SAT,,6.03,
395,42,6,0.42,0,5.28870007802844,-1,0.42,0.0,1,0.0,32,10039.420000000002,SAT,,2.036,
396,42,1,1.54,0,4.74270027910471,-1,1.54,0.0,1,0.0,32,10040.960000000003,SAT,,2.013,
397,42,9,300.0,0,300.0,-1,0.0,0.0,0,0.0,32,10040.960000000003,TIMEOUT,,303.323,
398,42,14,300.0,0,300.0,-1,0.0,0.0,0,0.0,32,10040.960000000003,TIMEOUT,,303.232,
399,42,17,14.78,0,300.0,-1,14.78,0.0,1,0.0,32,10055.740000000003,SAT,,16.04,
400,42,18,300.0,0,300.0,-1,0.0,0.0,0,0.0,32,10055.740000000003,TIMEOUT,,303.265,
401,42,5,3.62,0,300.0,-1,3.62,0.0,1,0.0,32,10059.360000000004,SAT,,4.026,
402,42,2,7.12,0,300.0,-1,7.12,0.0,1,0.0,32,10066.480000000005,SAT,,8.021,
403,42,7,300.0,0,300.0,-1,0.0,0.0,0,0.0,32,10066.480000000005,TIMEOUT,,303.287,
404,42,16,227.47,0,292.8331006023765,-1,227.47,0.0,1,0.0,32,10293.950000000004,SAT,,228.182,
405,57,24,54.74,0,72.38560060818791,-1,54.74,0.0,1,0.0,32,10348.690000000004,SAT,,56.083,
406,57,18,300.0,0,300.0,-1,0.0,0.0,0,0.0,32,10348.690000000004,TIMEOUT,,303.266,
407,57,7,300.0,0,300.0,-1,0.0,0.0,0,0.0,32,10348.690000000004,TIMEOUT,,303.311,
408,57,19,0.49,0,4.910400648015738,-1,0.49,0.0,1,0.0,32,10349.180000000004,SAT,,2.036,
409,57,1,1.57,0,4.273400035101176,-1,1.57,0.0,1,0.0,32,10350.750000000004,SAT,,2.043,
410,57,10,0.19,0,2.232400354343653,-1,0.19,0.0,1,0.0,32,10350.940000000004,SAT,,2.013,
411,57,20,0.6,0,1.9854005317866803,-1,0.6,0.0,1,0.0,32,10351.540000000005,SAT,,2.036,
412,57,2,6.89,0,300.0,-1,6.89,0.0,1,0.0,32,10358.430000000004,SAT,,8.043,
413,57,15,300.0,0,300.0,-1,0.0,0.0,0,0.0,32,10358.430000000004,TIMEOUT,,303.269,
414,57,25,61.03,0,300.0,-1,61.03,0.0,1,0.0,32,10419.460000000005,SAT,,62.068,
415,57,3,2.67,0,300.0,-1,2.67,0.0,1,0.0,32,10422.130000000005,SAT,,4.02,
416,57,12,0.2,0,300.0,-1,0.2,0.0,1,0.0,32,10422.330000000005,SAT,,2.012,
417,57,8,6.23,0,300.0,-1,6.23,0.0,1,0.0,32,10428.560000000005,SAT,,8.035,
418,57,5,3.66,0,300.0,-1,3.66,0.0,1,0.0,32,10432.220000000005,SAT,,4.021,
419,57,13,300.0,0,300.0,-1,0.0,0.0,0,0.0,32,10432.220000000005,TIMEOUT,,303.274,
420,57,26,300.0,0,300.0,-1,0.0,0.0,0,0.0,32,10432.220000000005,TIMEOUT,,303.279,
421,57,21,1.42,0,300.0,-1,1.42,0.0,1,0.0,32,10433.640000000005,SAT,,2.018,
422,57,22,5.67,0,300.0,-1,5.67,0.0,1,0.0,32,10439.310000000005,SAT,,6.033,
423,57,6,0.51,0,300.0,-1,0.51,0.0,1,0.0,32,10439.820000000005,SAT,,2.035,
424,57,4,92.2,0,300.0,-1,92.2,0.0,1,0.0,32,10532.020000000006,SAT,,94.09,
425,57,9,300.0,0,300.0,-1,0.0,0.0,0,0.0,32,10532.020000000006,TIMEOUT,,303.298,
426,57,11,300.0,0,300.0,-1,0.0,0.0,0,0.0,32,10532.020000000006,TIMEOUT,,303.314,
427,57,23,33.48,0,300.0,-1,33.48,0.0,1,0.0,32,10565.500000000005,SAT,,34.063,
428,57,16,235.66,0,300.0,-1,235.66,0.0,1,0.0,32,10801.160000000005,SAT,,236.195,
429,57,14,300.0,0,300.0,-1,0.0,0.0,0,0.0,32,10801.160000000005,TIMEOUT,,303.26,
430,57,17,6.326100349771977,1,6.326100349771977,-1,0.0,0.0,0,0.0,32,10801.160000000005,TIMEOUT,,9.043,
431,58,23,34.59,0,44.721600141721964,-1,34.59,0.0,1,0.0,33,10835.750000000005,SAT,,36.055,
432,59,12,0.15,0,1.223600421446562,-1,0.15,0.0,1,0.0,33,10835.900000000005,SAT,,2.015,
433,59,8,6.1,0,12.419200193482638,-1,6.1,0.0,1,0.0,33,10842.000000000005,SAT,,8.034,
434,59,3,2.77,0,4.489200346517563,-1,2.77,0.0,1,0.0,33,10844.770000000006,SAT,,4.021,
435,60,3,4.09,0,4.538600601601601,-1,4.09,0.0,1,0.0,34,10848.860000000006,SAT,,6.038,
436,61,11,300.0,0,300.0,-1,0.0,0.0,0,0.0,34,10848.860000000006,TIMEOUT,,303.273,
437,61,20,0.75,0,3.800200306224823,-1,0.75,0.0,1,0.0,34,10849.610000000006,SAT,,2.021,
438,61,1,1.53,0,2.825200509625673,-1,1.53,0.0,1,0.0,34,10851.140000000007,SAT,,2.037,
439,62,21,2.35,0,2.9656001258373257,-1,2.35,0.0,1,0.0,35,10853.490000000007,SAT,,4.036,
440,63,19,0.48,0,1.626600705432892,-1,0.48,0.0,1,0.0,35,10853.970000000007,SAT,,2.022,
441,63,8,6.08,0,300.0,-1,6.08,0.0,1,0.0,35,10860.050000000007,SAT,,8.035,
442,63,9,300.0,0,300.0,-1,0.0,0.0,0,0.0,35,10860.050000000007,TIMEOUT,,303.296,
443,59,14,300.0,0,300.0,-1,0.0,0.0,0,0.0,36,10860.050000000007,TIMEOUT,,303.267,
444,64,5,3.43,0,5.539600111889839,-1,3.43,0.0,1,0.0,36,10863.480000000007,SAT,,4.023,
445,64,10,0.18,0,300.0,-1,0.18,0.0,1,0.0,36,10863.660000000007,SAT,,2.01,
446,64,13,300.0,0,300.0,-1,0.0,0.0,0,0.0,36,10863.660000000007,TIMEOUT,,303.272,
447,64,6,0.38,0,300.0,-1,0.38,0.0,1,0.0,36,10864.040000000006,SAT,,2.036,
448,64,17,15.22,0,300.0,-1,15.22,0.0,1,0.0,36,10879.260000000006,SAT,,16.05,
449,64,20,0.55,0,300.0,-1,0.55,0.0,1,0.0,36,10879.810000000005,SAT,,2.016,
450,64,14,300.0,0,300.0,-1,0.0,0.0,0,0.0,36,10879.810000000005,TIMEOUT,,303.253,
451,65,5,4.0,0,5.539600111889839,-1,4.0,0.0,1,0.0,37,10883.810000000005,SAT,,6.036,
452,66,23,33.38,0,44.721600141721964,-1,33.38,0.0,1,0.0,37,10917.190000000004,SAT,,34.06,
453,66,21,1.34,0,82.97020020743012,-1,1.34,0.0,1,0.0,37,10918.530000000004,SAT,,2.036,
454,66,25,60.7,0,81.22820050303936,-1,60.7,0.0,1,0.0,37,10979.230000000005,SAT,,62.065,
455,66,4,93.84,0,151.3424000967026,-1,93.84,0.0,1,0.0,37,11073.070000000005,SAT,,94.104,
456,66,2,7.22,0,29.350400295454268,-1,7.22,0.0,1,0.0,37,11080.290000000005,SAT,,8.04,
457,66,17,15.67,0,19.964400500404835,-1,15.67,0.0,1,0.0,37,11095.960000000005,SAT,,16.022,
458,67,16,232.04,0,291.76060060818793,-1,232.04,0.0,1,0.0,38,11328.000000000005,SAT,,232.187,
459,68,22,5.7,0,8.880600005733967,-1,5.7,0.0,1,0.0,38,11333.700000000006,SAT,,6.041,
460,68,6,0.53,0,4.099200282591582,-1,0.53,0.0,1,0.0,38,11334.230000000007,SAT,,2.038,
461,68,21,1.5,0,3.4102002422988416,-1,1.5,0.0,1,0.0,38,11335.730000000007,SAT,,2.016,
462,68,2,6.91,0,300.0,-1,6.91,0.0,1,0.0,38,11342.640000000007,SAT,,8.04,
463,68,3,2.65,0,300.0,-1,2.65,0.0,1,0.0,38,11345.290000000006,SAT,,4.021,
464,68,11,300.0,0,300.0,-1,0.0,0.0,0,0.0,38,11345.290000000006,TIMEOUT,,303.279,
465,68,20,0.75,0,2.3754005957126614,-1,0.75,0.0,1,0.0,38,11346.040000000006,SAT,,2.036,
466,68,25,60.87,0,300.0,-1,60.87,0.0,1,0.0,38,11406.910000000007,SAT,,62.063,
467,68,24,54.56,0,300.0,-1,54.56,0.0,1,0.0,38,11461.470000000007,SAT,,56.083,
468,68,26,300.0,0,300.0,-1,0.0,0.0,0,0.0,38,11461.470000000007,TIMEOUT,,303.263,
469,68,18,300.0,0,300.0,-1,0.0,0.0,0,0.0,38,11461.470000000007,TIMEOUT,,303.284,
470,68,1,1.58,0,300.0,-1,1.58,0.0,1,0.0,38,11463.050000000007,SAT,,2.022,
471,68,14,300.0,0,300.0,-1,0.0,0.0,0,0.0,38,11463.050000000007,TIMEOUT,,303.245,
472,68,19,0.68,0,3.243800185966492,-1,0.68,0.0,1,0.0,38,11463.730000000007,SAT,,2.012,
473,68,10,0.22,0,2.359800476926565,-1,0.22,0.0,1,0.0,38,11463.950000000006,SAT,,2.018,
474,68,7,300.0,0,300.0,-1,0.0,0.0,0,0.0,38,11463.950000000006,TIMEOUT,,303.286,
475,68,5,3.74,0,300.0,-1,3.74,0.0,1,0.0,38,11467.690000000006,SAT,,4.023,
476,68,13,300.0,0,300.0,-1,0.0,0.0,0,0.0,38,11467.690000000006,TIMEOUT,,303.264,
477,68,12,0.17,0,300.0,-1,0.17,0.0,1,0.0,38,11467.860000000006,SAT,,2.035,
478,68,8,6.13,0,300.0,-1,6.13,0.0,1,0.0,38,11473.990000000005,SAT,,8.032,
479,68,17,15.61,0,300.0,-1,15.61,0.0,1,0.0,38,11489.600000000006,SAT,,16.043,
480,68,23,33.24,0,300.0,-1,33.24,0.0,1,0.0,38,11522.840000000006,SAT,,34.06,
481,68,15,300.0,0,300.0,-1,0.0,0.0,0,0.0,38,11522.840000000006,TIMEOUT,,303.28,
482,68,16,230.51,0,300.0,-1,230.51,0.0,1,0.0,38,11753.350000000006,SAT,,232.199,
483,68,9,300.0,0,300.0,-1,0.0,0.0,0,0.0,38,11753.350000000006,TIMEOUT,,303.291,
484,68,4,91.68,0,112.74410021339656,-1,91.68,0.0,1,0.0,38,11845.030000000006,SAT,,92.084,
485,69,26,300.0,0,300.0,-1,0.0,0.0,0,0.0,39,11845.030000000006,TIMEOUT,,303.274,
486,69,9,300.0,0,300.0,-1,0.0,0.0,0,0.0,39,11845.030000000006,TIMEOUT,,303.293,
487,69,13,300.0,0,300.0,-1,0.0,0.0,0,0.0,39,11845.030000000006,TIMEOUT,,303.306,
488,69,12,0.2,0,9.99340024625063,-1,0.2,0.0,1,0.0,39,11845.230000000007,SAT,,2.036,
489,69,10,0.19,0,9.733400203633309,-1,0.19,0.0,1,0.0,39,11845.420000000007,SAT,,2.013,
490,69,19,0.48,0,9.486400381076336,-1,0.48,0.0,1,0.0,39,11845.900000000007,SAT,,2.036,
491,69,22,6.05,0,8.862400714653731,-1,6.05,0.0,1,0.0,39,11851.950000000006,SAT,,8.017,
492,70,2,6.98,0,10.011600263762475,-1,6.98,0.0,1,0.0,39,11858.930000000006,SAT,,8.018,
493,71,4,96.35,0,121.83760014210941,-1,96.35,0.0,1,0.0,40,11955.280000000006,SAT,,98.095,
494,72,20,0.56,0,1.7956006604909898,-1,0.56,0.0,1,0.0,40,11955.840000000006,SAT,,2.036,
495,72,10,0.21,0,292.0882001969695,-1,0.21,0.0,1,0.0,40,11956.050000000005,SAT,,2.028,
496,72,16,230.45,0,291.81520066072346,-1,230.45,0.0,1,0.0,40,12186.500000000005,SAT,,232.18,
497,73,21,1.43,0,2.9656001258373257,-1,1.43,0.0,1,0.0,41,12187.930000000006,SAT,,2.036,
498,73,23,33.76,0,49.365200147378445,-1,33.76,0.0,1,0.0,41,12221.690000000006,SAT,,34.059,
499,73,5,3.72,0,5.477200363177061,-1,3.72,0.0,1,0.0,41,12225.410000000005,SAT,,4.023,
500,74,16,225.35,0,291.76060060818793,-1,225.35,0.0,1,0.0,41,12450.760000000006,SAT,,226.177,
501,75,3,2.71,0,4.538600601601601,-1,2.71,0.0,1,0.0,42,12453.470000000005,SAT,,4.018,
502,75,25,60.89,0,99.6492006893933,-1,60.89,0.0,1,0.0,42,12514.360000000004,SAT,,62.071,
503,75,17,15.14,0,20.49220028181672,-1,15.14,0.0,1,0.0,42,12529.500000000004,SAT,,16.043,
504,76,6,0.46,0,1.6656006391823293,-1,0.46,0.0,1,0.0,42,12529.960000000003,SAT,,2.014,
505,76,22,5.8,0,129.78320010786058,-1,5.8,0.0,1,0.0,42,12535.760000000002,SAT,,6.039,
506,76,4,93.63,0,122.24320032482149,-1,93.63,0.0,1,0.0,42,12629.390000000001,SAT,,94.092,
507,77,23,33.95,0,44.721600141721964,-1,33.95,0.0,1,0.0,43,12663.340000000002,SAT,,34.062,
508,78,6,0.36,0,1.6656006391823293,-1,0.36,0.0,1,0.0,43,12663.700000000003,SAT,,2.011,
509,78,21,1.36,0,300.0,-1,1.36,0.0,1,0.0,43,12665.060000000003,SAT,,2.032,
510,78,14,300.0,0,300.0,-1,0.0,0.0,0,0.0,43,12665.060000000003,TIMEOUT,,303.233,
511,78,25,61.65,0,300.0,-1,61.65,0.0,1,0.0,43,12726.710000000003,SAT,,62.09,
512,78,5,3.47,0,300.0,-1,3.47,0.0,1,0.0,43,12730.180000000002,SAT,,4.029,
513,78,11,300.0,0,300.0,-1,0.0,0.0,0,0.0,43,12730.180000000002,TIMEOUT,,303.286,
514,78,23,33.56,0,44.67740041052103,-1,33.56,0.0,1,0.0,43,12763.740000000002,SAT,,34.042,
515,78,12,0.15,0,300.0,-1,0.15,0.0,1,0.0,43,12763.890000000001,SAT,,2.012,
516,78,8,6.01,0,300.0,-1,6.01,0.0,1,0.0,43,12769.900000000001,SAT,,8.034,
517,78,1,1.56,0,300.0,-1,1.56,0.0,1,0.0,43,12771.460000000001,SAT,,2.012,
518,78,2,6.91,0,300.0,-1,6.91,0.0,1,0.0,43,12778.37,SAT,,8.041,
519,78,18,300.0,0,300.0,-1,0.0,0.0,0,0.0,43,12778.37,TIMEOUT,,303.26,
520,78,16,236.19,0,300.0,-1,236.19,0.0,1,0.0,43,13014.560000000001,SAT,,238.202,
521,78,17,7.325800273913146,1,7.325800273913146,-1,0.0,0.0,0,0.0,43,13014.560000000001,TIMEOUT,,9.032,
522,79,24,54.88,0,72.38560060818791,-1,54.88,0.0,1,0.0,44,13069.44,SAT,,56.062,
523,79,7,300.0,0,300.0,-1,0.0,0.0,0,0.0,44,13069.44,TIMEOUT,,303.321,
524,79,8,6.06,0,8.896200124520064,-1,6.06,0.0,1,0.0,44,13075.5,SAT,,8.031,
525,79,14,300.0,0,300.0,-1,0.0,0.0,0,0.0,44,13075.5,TIMEOUT,,303.252,
526,79,11,300.0,0,300.0,-1,0.0,0.0,0,0.0,44,13075.5,TIMEOUT,,303.291,
527,79,19,0.47,0,1.9074006642878056,-1,0.47,0.0,1,0.0,44,13075.97,SAT,,2.013,
528,79,10,0.18,0,1.2964004914939404,-1,0.18,0.0,1,0.0,44,13076.15,SAT,,2.034,
529,79,3,2.77,0,300.0,-1,2.77,0.0,1,0.0,44,13078.92,SAT,,4.023,
530,79,12,0.14,0,300.0,-1,0.14,0.0,1,0.0,44,13079.06,SAT,,2.037,
531,79,15,300.0,0,300.0,-1,0.0,0.0,0,0.0,44,13079.06,TIMEOUT,,303.26,
532,79,21,1.53,0,300.0,-1,1.53,0.0,1,0.0,44,13080.59,SAT,,2.014,
533,79,5,3.72,0,300.0,-1,3.72,0.0,1,0.0,44,13084.31,SAT,,4.022,
534,79,16,232.02,0,300.0,-1,232.02,0.0,1,0.0,44,13316.33,SAT,,232.196,
535,79,23,33.82,0,35.574800473052264,-1,33.82,0.0,1,0.0,44,13350.15,SAT,,34.059,
536,80,3,2.64,0,4.538600601601601,-1,2.64,0.0,1,0.0,44,13352.789999999999,SAT,,4.043,
537,80,5,3.69,0,7.609200131493807,-1,3.69,0.0,1,0.0,44,13356.48,SAT,,4.02,
538,80,21,1.56,0,2.8122002895653244,-1,1.56,0.0,1,0.0,44,13358.039999999999,SAT,,2.038,
539,81,18,300.0,0,300.0,-1,0.0,0.0,0,0.0,45,13358.039999999999,TIMEOUT,,303.283,
540,81,4,93.82,0,140.79420053248407,-1,93.82,0.0,1,0.0,45,13451.859999999999,SAT,,94.098,
541,81,17,15.66,0,18.828200444924832,-1,15.66,0.0,1,0.0,45,13467.519999999999,SAT,,16.041,
542,82,15,300.0,0,300.0,-1,0.0,0.0,0,0.0,45,13467.519999999999,TIMEOUT,,303.272,
543,82,23,34.65,0,44.945200149315596,-1,34.65,0.0,1,0.0,45,13502.169999999998,SAT,,36.061,
544,83,13,300.0,0,300.0,-1,0.0,0.0,0,0.0,46,13502.169999999998,TIMEOUT,,303.264,
545,83,2,6.89,0,89.69120065529944,-1,6.89,0.0,1,0.0,46,13509.059999999998,SAT,,8.044,
546,83,25,61.23,0,80.73420013149381,-1,61.23,0.0,1,0.0,46,13570.289999999997,SAT,,62.067,
547,83,7,300.0,0,300.0,-1,0.0,0.0,0,0.0,46,13570.289999999997,TIMEOUT,,303.298,
548,83,9,300.0,0,300.0,-1,0.0,0.0,0,0.0,46,13570.289999999997,TIMEOUT,,303.298,
549,83,14,300.0,0,300.0,-1,0.0,0.0,0,0.0,46,13570.289999999997,TIMEOUT,,303.254,
550,83,21,1.4,0,3.103400569754839,-1,1.4,0.0,1,0.0,46,13571.689999999997,SAT,,2.04,
551,83,20,0.55,0,300.0,-1,0.55,0.0,1,0.0,46,13572.239999999996,SAT,,2.036,
552,83,15,300.0,0,300.0,-1,0.0,0.0,0,0.0,46,13572.239999999996,TIMEOUT,,303.283,
553,83,1,1.55,0,12.993800331252814,-1,1.55,0.0,1,0.0,46,13573.789999999995,SAT,,2.038,
554,83,6,0.35,0,10.97880036418438,-1,0.35,0.0,1,0.0,46,13574.139999999996,SAT,,2.035,
555,83,12,0.16,0,10.523800652819872,-1,0.16,0.0,1,0.0,46,13574.299999999996,SAT,,2.01,
556,83,8,6.4,0,10.315800037580729,-1,6.4,0.0,1,0.0,46,13580.699999999995,SAT,,8.037,
557,83,19,0.48,0,1.9958001266896725,-1,0.48,0.0,1,0.0,46,13581.179999999995,SAT,,2.036,
558,83,10,0.26,0,1.371800460267067,-1,0.26,0.0,1,0.0,46,13581.439999999995,SAT,,2.014,
559,83,11,300.0,0,300.0,-1,0.0,0.0,0,0.0,46,13581.439999999995,TIMEOUT,,303.274,
560,83,5,3.5,0,300.0,-1,3.5,0.0,1,0.0,46,13584.939999999995,SAT,,4.022,
561,83,22,5.85,0,300.0,-1,5.85,0.0,1,0.0,46,13590.789999999995,SAT,,6.04,
562,83,16,238.98,0,300.0,-1,238.98,0.0,1,0.0,46,13829.769999999995,SAT,,240.201,
563,83,26,300.0,0,300.0,-1,0.0,0.0,0,0.0,46,13829.769999999995,TIMEOUT,,303.266,
564,83,18,300.0,0,300.0,-1,0.0,0.0,0,0.0,46,13829.769999999995,TIMEOUT,,303.286,
565,83,23,33.7,0,239.81910033931138,-1,33.7,0.0,1,0.0,46,13863.469999999996,SAT,,34.04,
566,83,17,15.2,0,196.00910042260887,-1,15.2,0.0,1,0.0,46,13878.669999999996,SAT,,16.048,
567,83,3,2.75,0,176.2491000894189,-1,2.75,0.0,1,0.0,46,13881.419999999996,SAT,,4.02,
568,83,4,93.33,0,172.67410059307815,-1,93.33,0.0,1,0.0,46,13974.749999999996,SAT,,94.089,
569,83,24,51.34510039200187,1,51.34510039200187,-1,0.0,0.0,0,0.0,46,13974.749999999996,TIMEOUT,,53.068,
570,84,19,0.47,0,1.626600705432892,-1,0.47,0.0,1,0.0,46,13975.219999999996,SAT,,2.035,
571,84,17,15.28,0,24.509200722324852,-1,15.28,0.0,1,0.0,46,13990.499999999996,SAT,,16.039,
572,84,5,3.7,0,4.645200081515313,-1,3.7,0.0,1,0.0,46,13994.199999999997,SAT,,4.02,
573,85,26,300.0,0,300.0,-1,0.0,0.0,0,0.0,47,13994.199999999997,TIMEOUT,,303.257,
574,85,1,1.64,0,3.6312003511667252,-1,1.64,0.0,1,0.0,47,13995.839999999997,SAT,,2.038,
575,85,19,0.47,0,1.4992005828499795,-1,0.47,0.0,1,0.0,47,13996.309999999996,SAT,,2.013,
576,86,5,3.6,0,5.539600111889839,-1,3.6,0.0,1,0.0,47,13999.909999999996,SAT,,4.02,
577,87,1,1.57,0,3.0046000595867635,-1,1.57,0.0,1,0.0,48,14001.479999999996,SAT,,2.037,
578,88,1,1.56,0,3.0046000595867635,-1,1.56,0.0,1,0.0,48,14003.039999999995,SAT,,2.034,
579,89,25,68.76,0,80.67960007895827,-1,68.76,0.0,1,0.0,49,14071.799999999996,SAT,,70.173,
580,90,25,61.89,0,80.67960007895827,-1,61.89,0.0,1,0.0,49,14133.689999999995,SAT,,62.095,
581,91,9,300.0,0,300.0,-1,0.0,0.0,0,0.0,50,14133.689999999995,TIMEOUT,,303.295,
582,91,20,0.55,0,300.0,-1,0.55,0.0,1,0.0,50,14134.239999999994,SAT,,2.035,
583,91,7,300.0,0,300.0,-1,0.0,0.0,0,0.0,50,14134.239999999994,TIMEOUT,,303.286,
584,91,4,89.21,0,300.0,-1,89.21,0.0,1,0.0,50,14223.449999999993,SAT,,90.091,
585,91,6,0.41,0,300.0,-1,0.41,0.0,1,0.0,50,14223.859999999993,SAT,,2.038,
586,91,26,300.0,0,300.0,-1,0.0,0.0,0,0.0,50,14223.859999999993,TIMEOUT,,303.274,
587,91,16,233.5,0,296.8384004089713,-1,233.5,0.0,1,0.0,50,14457.359999999993,SAT,,234.177,
588,92,26,300.0,0,300.0,-1,0.0,0.0,0,0.0,50,14457.359999999993,TIMEOUT,,303.265,
589,92,15,300.0,0,300.0,-1,0.0,0.0,0,0.0,50,14457.359999999993,TIMEOUT,,303.259,
590,92,7,300.0,0,300.0,-1,0.0,0.0,0,0.0,50,14457.359999999993,TIMEOUT,,303.288,
591,92,19,0.56,0,300.0,-1,0.56,0.0,1,0.0,50,14457.919999999993,SAT,,2.036,
592,92,11,300.0,0,300.0,-1,0.0,0.0,0,0.0,50,14457.919999999993,TIMEOUT,,303.3,
593,92,12,0.18,0,80.80440030281544,-1,0.18,0.0,1,0.0,50,14458.099999999993,SAT,,2.011,
594,92,25,61.3,0,80.57040070031881,-1,61.3,0.0,1,0.0,50,14519.399999999992,SAT,,62.066,
595,93,16,226.48,0,291.76060060818793,-1,226.48,0.0,1,0.0,51,14745.879999999992,SAT,,228.175,
596,94,5,3.7,0,5.539600111889839,-1,3.7,0.0,1,0.0,51,14749.579999999993,SAT,,4.023,
597,95,18,300.0,0,300.0,-1,0.0,0.0,0,0.0,52,14749.579999999993,TIMEOUT,,303.282,
598,95,6,0.41,0,3.6312003511667252,-1,0.41,0.0,1,0.0,52,14749.989999999993,SAT,,2.016,
599,95,21,1.44,0,3.0982000458717347,-1,1.44,0.0,1,0.0,52,14751.429999999993,SAT,,2.036,
600,95,10,0.18,0,300.0,-1,0.18,0.0,1,0.0,52,14751.609999999993,SAT,,2.023,
601,95,2,7.22,0,300.0,-1,7.22,0.0,1,0.0,52,14758.829999999993,SAT,,8.043,
602,95,3,2.64,0,300.0,-1,2.64,0.0,1,0.0,52,14761.469999999992,SAT,,4.018,
603,95,13,300.0,0,300.0,-1,0.0,0.0,0,0.0,52,14761.469999999992,TIMEOUT,,303.281,
604,96,5,3.72,0,5.539600111889839,-1,3.72,0.0,1,0.0,52,14765.189999999991,SAT,,4.021,
605,97,13,300.0,0,300.0,-1,0.0,0.0,0,0.0,53,14765.189999999991,TIMEOUT,,303.293,
606,97,23,34.06,0,48.260200329470635,-1,34.06,0.0,1,0.0,53,14799.24999999999,SAT,,36.046,
607,97,3,2.81,0,3.9822004813432694,-1,2.81,0.0,1,0.0,53,14802.05999999999,SAT,,4.022,
608,98,24,54.96,0,72.38560060818791,-1,54.96,0.0,1,0.0,53,14857.01999999999,SAT,,56.057,
609,99,19,0.59,0,1.626600705432892,-1,0.59,0.0,1,0.0,54,14857.60999999999,SAT,,2.015,
610,100,11,300.0,0,300.0,-1,0.0,0.0,0,0.0,54,14857.60999999999,TIMEOUT,,303.293,
611,100,6,0.44,0,1.889200646775961,-1,0.44,0.0,1,0.0,54,14858.04999999999,SAT,,2.013,
612,100,12,0.16,0,1.3172004077315331,-1,0.16,0.0,1,0.0,54,14858.20999999999,SAT,,2.011,
613,100,7,300.0,0,300.0,-1,0.0,0.0,0,0.0,54,14858.20999999999,TIMEOUT,,303.279,
614,100,19,0.47,0,5.534400314438343,-1,0.47,0.0,1,0.0,54,14858.67999999999,SAT,,2.015,
615,100,10,0.27,0,4.923400141644478,-1,0.27,0.0,1,0.0,54,14858.94999999999,SAT,,2.014,
616,100,3,2.64,0,4.572400011467934,-1,2.64,0.0,1,0.0,54,14861.58999999999,SAT,,4.022,
617,100,17,14.79,0,300.0,-1,14.79,0.0,1,0.0,54,14876.37999999999,SAT,,16.044,
618,100,18,300.0,0,300.0,-1,0.0,0.0,0,0.0,54,14876.37999999999,TIMEOUT,,303.263,
619,100,16,233.33,0,300.0,-1,233.33,0.0,1,0.0,54,15109.70999999999,SAT,,234.199,
620,100,25,61.94,0,300.0,-1,61.94,0.0,1,0.0,54,15171.64999999999,SAT,,62.065,
621,100,21,1.43,0,300.0,-1,1.43,0.0,1,0.0,54,15173.07999999999,SAT,,2.013,
622,100,26,300.0,0,300.0,-1,0.0,0.0,0,0.0,54,15173.07999999999,TIMEOUT,,303.266,
623,100,8,6.06,0,39.136800475764275,-1,6.06,0.0,1,0.0,54,15179.13999999999,SAT,,8.037,
624,100,23,31.258800056177382,1,31.258800056177382,-1,0.0,0.0,0,0.0,54,15179.13999999999,TIMEOUT,,33.056,
625,101,17,15.31,0,19.956600077795983,-1,15.31,0.0,1,0.0,55,15194.44999999999,SAT,,16.043,
626,102,21,1.37,0,2.9656001258373257,-1,1.37,0.0,1,0.0,55,15195.81999999999,SAT,,2.036,
627,102,13,300.0,0,300.0,-1,0.0,0.0,0,0.0,55,15195.81999999999,TIMEOUT,,303.262,
628,102,12,0.18,0,1.4082004952907563,-1,0.18,0.0,1,0.0,55,15195.99999999999,SAT,,2.016,
629,102,16,230.39,0,300.0,-1,230.39,0.0,1,0.0,55,15426.38999999999,SAT,,232.196,
630,102,20,0.56,0,300.0,-1,0.56,0.0,1,0.0,55,15426.94999999999,SAT,,2.013,
631,102,15,300.0,0,300.0,-1,0.0,0.0,0,0.0,55,15426.94999999999,TIMEOUT,,303.26,
632,102,24,55.27,0,63.878400724726916,-1,55.27,0.0,1,0.0,55,15482.21999999999,SAT,,56.065,
633,103,25,60.66,0,80.67960007895827,-1,60.66,0.0,1,0.0,56,15542.87999999999,SAT,,62.093,
634,103,16,234.59,0,300.0,-1,234.59,0.0,1,0.0,56,15777.46999999999,SAT,,236.185,
635,103,9,300.0,0,300.0,-1,0.0,0.0,0,0.0,56,15777.46999999999,TIMEOUT,,303.274,
636,104,9,300.0,0,300.0,-1,0.0,0.0,0,0.0,56,15777.46999999999,TIMEOUT,,303.322,
637,104,24,55.04,0,300.0,-1,55.04,0.0,1,0.0,56,15832.509999999991,SAT,,56.062,
638,104,16,234.2,0,291.5942005518556,-1,234.2,0.0,1,0.0,56,16066.709999999992,SAT,,236.2,
639,105,20,0.54,0,1.7956006604909898,-1,0.54,0.0,1,0.0,57,16067.249999999993,SAT,,2.037,
640,105,24,54.56,0,74.44220040773153,-1,54.56,0.0,1,0.0,57,16121.809999999992,SAT,,56.064,
641,105,21,1.63,0,3.5142005499184132,-1,1.63,0.0,1,0.0,57,16123.439999999991,SAT,,2.043,
642,105,16,231.79,0,300.0,-1,231.79,0.0,1,0.0,57,16355.229999999992,SAT,,232.178,
643,105,6,0.53,0,18.326400377202035,-1,0.53,0.0,1,0.0,57,16355.759999999993,SAT,,2.019,
644,105,17,15.57,0,17.637400336909295,-1,15.57,0.0,1,0.0,57,16371.329999999993,SAT,,16.041,
645,106,18,300.0,0,300.0,-1,0.0,0.0,0,0.0,57,16371.329999999993,TIMEOUT,,303.254,
646,106,13,300.0,0,300.0,-1,0.0,0.0,0,0.0,57,16371.329999999993,TIMEOUT,,303.265,
647,106,5,3.6,0,5.542200010615587,-1,3.6,0.0,1,0.0,57,16374.929999999993,SAT,,4.023,
648,107,13,300.0,0,300.0,-1,0.0,0.0,0,0.0,58,16374.929999999993,TIMEOUT,,303.276,
649,107,1,1.54,0,293.76520025392176,-1,1.54,0.0,1,0.0,58,16376.469999999994,SAT,,2.037,
650,107,16,227.61,0,291.7632005069137,-1,227.61,0.0,1,0.0,58,16604.079999999994,SAT,,228.182,
651,108,5,3.57,0,5.539600111889839,-1,3.57,0.0,1,0.0,58,16607.649999999994,SAT,,4.024,
652,109,25,61.2,0,80.67960007895827,-1,61.2,0.0,1,0.0,59,16668.849999999995,SAT,,62.068,
653,109,9,300.0,0,300.0,-1,0.0,0.0,0,0.0,59,16668.849999999995,TIMEOUT,,303.282,
654,109,22,5.53,0,9.000200432139636,-1,5.53,0.0,1,0.0,59,16674.379999999994,SAT,,6.041,
655,109,26,300.0,0,300.0,-1,0.0,0.0,0,0.0,59,16674.379999999994,TIMEOUT,,303.257,
656,109,4,95.95,0,123.6654001366079,-1,95.95,0.0,1,0.0,59,16770.329999999994,SAT,,96.081,
657,110,19,0.62,0,1.626600705432892,-1,0.62,0.0,1,0.0,59,16770.949999999993,SAT,,2.028,
658,111,15,300.0,0,300.0,-1,0.0,0.0,0,0.0,60,16770.949999999993,TIMEOUT,,303.282,
659,111,6,0.35,0,300.0,-1,0.35,0.0,1,0.0,60,16771.299999999992,SAT,,2.033,
660,111,18,300.0,0,300.0,-1,0.0,0.0,0,0.0,60,16771.299999999992,TIMEOUT,,303.287,
661,111,16,234.06,0,300.0,-1,234.06,0.0,1,0.0,60,17005.359999999993,SAT,,234.189,
662,111,12,0.17,0,71.13240002502799,-1,0.17,0.0,1,0.0,60,17005.52999999999,SAT,,2.014,
663,111,3,2.89,0,70.91140064259172,-1,2.89,0.0,1,0.0,60,17008.41999999999,SAT,,4.019,
664,111,25,62.11,0,67.15440024470091,-1,62.11,0.0,1,0.0,60,17070.52999999999,SAT,,64.071,
665,112,20,0.54,0,1.7956006604909898,-1,0.54,0.0,1,0.0,60,17071.069999999992,SAT,,2.037,
666,112,4,92.98,0,300.0,-1,92.98,0.0,1,0.0,60,17164.049999999992,SAT,,94.106,
667,112,13,300.0,0,300.0,-1,0.0,0.0,0,0.0,60,17164.049999999992,TIMEOUT,,303.293,
668,112,7,300.0,0,300.0,-1,0.0,0.0,0,0.0,60,17164.049999999992,TIMEOUT,,303.291,
669,112,22,5.67,0,300.0,-1,5.67,0.0,1,0.0,60,17169.71999999999,SAT,,6.021,
670,112,14,300.0,0,300.0,-1,0.0,0.0,0,0.0,60,17169.71999999999,TIMEOUT,,303.244,
671,112,17,15.06,0,20.523400519388915,-1,15.06,0.0,1,0.0,60,17184.77999999999,SAT,,16.041,
672,113,15,300.0,0,300.0,-1,0.0,0.0,0,0.0,61,17184.77999999999,TIMEOUT,,303.263,
673,113,6,0.52,0,300.0,-1,0.52,0.0,1,0.0,61,17185.299999999992,SAT,,2.012,
674,113,11,300.0,0,300.0,-1,0.0,0.0,0,0.0,61,17185.299999999992,TIMEOUT,,303.287,
675,114,2,7.21,0,10.011600263762475,-1,7.21,0.0,1,0.0,61,17192.50999999999,SAT,,8.018,
676,115,10,0.18,0,1.2626003551959992,-1,0.18,0.0,1,0.0,62,17192.68999999999,SAT,,2.01,
677,115,14,300.0,0,300.0,-1,0.0,0.0,0,0.0,62,17192.68999999999,TIMEOUT,,303.231,
678,115,4,93.94,0,121.86620048095585,-1,93.94,0.0,1,0.0,62,17286.62999999999,SAT,,94.084,
679,116,2,7.04,0,10.011600263762475,-1,7.04,0.0,1,0.0,62,17293.66999999999,SAT,,8.019,
680,117,22,5.75,0,8.880600005733967,-1,5.75,0.0,1,0.0,63,17299.41999999999,SAT,,6.035,
681,117,12,0.2,0,2.422200225639343,-1,0.2,0.0,1,0.0,63,17299.61999999999,SAT,,2.015,
682,117,20,0.62,0,2.1622001830220223,-1,0.62,0.0,1,0.0,63,17300.23999999999,SAT,,2.037,
683,117,24,55.1,0,300.0,-1,55.1,0.0,1,0.0,63,17355.33999999999,SAT,,56.079,
684,117,10,0.21,0,300.0,-1,0.21,0.0,1,0.0,63,17355.54999999999,SAT,,2.014,
685,117,13,300.0,0,300.0,-1,0.0,0.0,0,0.0,63,17355.54999999999,TIMEOUT,,303.284,
686,117,11,300.0,0,300.0,-1,0.0,0.0,0,0.0,63,17355.54999999999,TIMEOUT,,303.288,
687,117,3,2.72,0,300.0,-1,2.72,0.0,1,0.0,63,17358.26999999999,SAT,,4.018,
688,117,5,3.48,0,300.0,-1,3.48,0.0,1,0.0,63,17361.74999999999,SAT,,4.019,
689,117,6,0.35,0,300.0,-1,0.35,0.0,1,0.0,63,17362.099999999988,SAT,,2.034,
690,117,18,300.0,0,300.0,-1,0.0,0.0,0,0.0,63,17362.099999999988,TIMEOUT,,303.281,
691,117,1,1.75,0,300.0,-1,1.75,0.0,1,0.0,63,17363.849999999988,SAT,,2.037,
692,117,15,300.0,0,300.0,-1,0.0,0.0,0,0.0,63,17363.849999999988,TIMEOUT,,303.269,
693,117,2,7.41,0,300.0,-1,7.41,0.0,1,0.0,63,17371.259999999987,SAT,,8.023,
694,117,26,300.0,0,300.0,-1,0.0,0.0,0,0.0,63,17371.259999999987,TIMEOUT,,303.282,
695,118,20,0.62,0,1.7956006604909898,-1,0.62,0.0,1,0.0,63,17371.879999999986,SAT,,2.039,
696,119,21,1.38,0,2.9656001258373257,-1,1.38,0.0,1,0.0,64,17373.259999999987,SAT,,2.017,
697,119,6,0.47,0,5.373200055557489,-1,0.47,0.0,1,0.0,64,17373.72999999999,SAT,,2.037,
698,119,3,2.65,0,4.762200609195233,-1,2.65,0.0,1,0.0,64,17376.37999999999,SAT,,4.018,
699,119,16,230.0,0,300.0,-1,230.0,0.0,1,0.0,64,17606.37999999999,SAT,,230.193,
700,119,20,0.56,0,300.0,-1,0.56,0.0,1,0.0,64,17606.93999999999,SAT,,2.036,
701,119,5,3.75,0,300.0,-1,3.75,0.0,1,0.0,64,17610.68999999999,SAT,,4.023,
702,119,14,300.0,0,300.0,-1,0.0,0.0,0,0.0,64,17610.68999999999,TIMEOUT,,303.246,
703,120,3,2.67,0,4.538600601601601,-1,2.67,0.0,1,0.0,64,17613.35999999999,SAT,,4.022,
704,120,19,0.46,0,20.64820001681447,-1,0.46,0.0,1,0.0,64,17613.81999999999,SAT,,2.035,
705,120,17,14.88,0,20.050200064080954,-1,14.88,0.0,1,0.0,64,17628.69999999999,SAT,,16.024,
706,121,24,54.99,0,72.38560060818791,-1,54.99,0.0,1,0.0,65,17683.68999999999,SAT,,56.059,
707,122,26,300.0,0,300.0,-1,0.0,0.0,0,0.0,65,17683.68999999999,TIMEOUT,,303.268,
708,122,20,0.56,0,2.4612001593887802,-1,0.56,0.0,1,0.0,65,17684.249999999993,SAT,,2.013,
709,122,6,0.35,0,1.7332001853466035,-1,0.35,0.0,1,0.0,65,17684.59999999999,SAT,,2.014,
710,122,14,300.0,0,300.0,-1,0.0,0.0,0,0.0,65,17684.59999999999,TIMEOUT,,303.23,
711,122,5,3.62,0,300.0,-1,3.62,0.0,1,0.0,65,17688.21999999999,SAT,,4.02,
712,122,9,300.0,0,300.0,-1,0.0,0.0,0,0.0,65,17688.21999999999,TIMEOUT,,303.275,
713,122,21,1.4,0,3.077400129634142,-1,1.4,0.0,1,0.0,65,17689.61999999999,SAT,,2.038,
714,122,11,300.0,0,300.0,-1,0.0,0.0,0,0.0,65,17689.61999999999,TIMEOUT,,303.3,
715,122,23,33.67,0,300.0,-1,33.67,0.0,1,0.0,65,17723.28999999999,SAT,,34.042,
716,122,15,300.0,0,300.0,-1,0.0,0.0,0,0.0,65,17723.28999999999,TIMEOUT,,303.289,
717,122,4,94.38,0,300.0,-1,94.38,0.0,1,0.0,65,17817.66999999999,SAT,,96.09,
718,122,7,300.0,0,300.0,-1,0.0,0.0,0,0.0,65,17817.66999999999,TIMEOUT,,303.31,
